timestamp,user,resource,action,files_accessed,privilege_level,is_attack,attack_type
2026-08-01 09:02:00,user_019,customer_data,read,4,user,0,none
2026-08-01 09:05:00,user_014,customer_data,read,1,user,0,none
2026-08-01 09:07:00,user_011,email_server,read,5,user,0,none
2026-08-01 09:13:00,user_013,finance_db,read,4,user,0,none
2026-08-01 09:14:00,user_018,hr_portal,read,6,user,0,none
2026-08-01 09:15:00,user_038,finance_db,read,7,user,0,none
2026-08-01 09:15:00,user_004,billing_system,read,5,user,0,none
2026-08-01 09:16:00,user_032,source_code_repo,read,1,user,0,none
2026-08-01 09:17:00,user_015,billing_system,read,9,user,0,none
2026-08-01 09:25:00,user_022,reports_db,read,4,user,0,none
2026-08-01 09:26:00,user_018,reports_db,read,6,user,0,none
2026-08-01 09:29:00,user_020,source_code_repo,read,8,user,0,none
2026-08-01 09:31:00,user_039,source_code_repo,read,6,user,0,none
2026-08-01 09:37:00,user_002,reports_db,read,1,user,0,none
2026-08-01 09:40:00,user_025,billing_system,read,8,user,0,none
2026-08-01 09:40:00,user_023,finance_db,read,3,user,0,none
2026-08-01 09:42:00,user_035,admin_console,read,4,user,0,none
2026-08-01 09:43:00,user_031,customer_data,read,9,user,0,none
2026-08-01 09:44:00,user_029,hr_portal,read,6,user,0,none
2026-08-01 09:45:00,user_002,email_server,read,9,user,0,none
2026-08-01 09:45:00,user_002,billing_system,read,5,user,0,none
2026-08-01 09:47:00,user_030,reports_db,read,6,user,0,none
2026-08-01 09:49:00,user_016,reports_db,read,1,user,0,none
2026-08-01 09:49:00,user_028,customer_data,read,3,user,0,none
2026-08-01 09:51:00,user_026,customer_data,read,1,user,0,none
2026-08-01 09:53:00,user_008,email_server,read,8,user,0,none
2026-08-01 09:55:00,user_025,admin_console,read,5,user,0,none
2026-08-01 09:56:00,user_009,hr_portal,read,2,user,0,none
2026-08-01 09:57:00,user_007,reports_db,read,1,user,0,none
2026-08-01 09:58:00,user_035,admin_console,read,9,user,0,none
2026-08-01 09:58:00,user_018,admin_console,read,5,user,0,none
2026-08-01 10:02:00,user_020,finance_db,read,3,user,0,none
2026-08-01 10:04:00,user_033,finance_db,read,9,user,0,none
2026-08-01 10:08:00,user_019,source_code_repo,read,2,user,0,none
2026-08-01 10:08:00,user_022,source_code_repo,read,4,user,0,none
2026-08-01 10:09:00,user_009,reports_db,read,6,user,0,none
2026-08-01 10:10:00,user_016,email_server,read,4,user,0,none
2026-08-01 10:13:00,user_011,finance_db,read,3,user,0,none
2026-08-01 10:13:00,user_030,customer_data,read,8,user,0,none
2026-08-01 10:16:00,user_033,finance_db,read,3,user,0,none
2026-08-01 10:19:00,user_034,email_server,read,2,user,0,none
2026-08-01 10:20:00,user_037,finance_db,read,4,user,0,none
2026-08-01 10:21:00,user_015,email_server,read,4,user,0,none
2026-08-01 10:22:00,user_018,reports_db,read,3,user,0,none
2026-08-01 10:23:00,user_040,admin_console,read,7,user,0,none
2026-08-01 10:24:00,user_027,hr_portal,read,2,user,0,none
2026-08-01 10:27:00,user_030,hr_portal,read,8,user,0,none
2026-08-01 10:28:00,user_003,finance_db,read,1,user,0,none
2026-08-01 10:29:00,user_016,admin_console,read,4,user,0,none
2026-08-01 10:31:00,user_020,customer_data,read,3,user,0,none
2026-08-01 10:32:00,user_006,source_code_repo,read,8,user,0,none
2026-08-01 10:36:00,user_018,finance_db,read,3,user,0,none
2026-08-01 10:39:00,user_001,email_server,read,4,user,0,none
2026-08-01 10:41:00,user_036,source_code_repo,read,6,user,0,none
2026-08-01 10:49:00,user_017,reports_db,read,4,user,0,none
2026-08-01 10:51:00,user_024,reports_db,read,2,user,0,none
2026-08-01 10:51:00,user_015,customer_data,read,7,user,0,none
2026-08-01 10:53:00,user_030,email_server,read,8,user,0,none
2026-08-01 10:54:00,user_016,billing_system,read,9,user,0,none
2026-08-01 10:56:00,user_024,finance_db,read,3,user,0,none
2026-08-01 11:02:00,user_001,billing_system,read,6,user,0,none
2026-08-01 11:02:00,user_015,finance_db,read,4,user,0,none
2026-08-01 11:04:00,user_022,source_code_repo,read,7,user,0,none
2026-08-01 11:05:00,user_012,email_server,read,7,user,0,none
2026-08-01 11:09:00,user_017,source_code_repo,read,7,user,0,none
2026-08-01 11:09:00,user_036,finance_db,read,4,user,0,none
2026-08-01 11:11:00,user_003,reports_db,read,7,user,0,none
2026-08-01 11:13:00,user_007,email_server,read,5,user,0,none
2026-08-01 11:14:00,user_026,source_code_repo,read,2,user,0,none
2026-08-01 11:14:00,user_013,reports_db,read,1,user,0,none
2026-08-01 11:20:00,user_013,hr_portal,read,2,user,0,none
2026-08-01 11:21:00,user_034,admin_console,read,8,user,0,none
2026-08-01 11:22:00,user_021,email_server,read,7,user,0,none
2026-08-01 11:24:00,user_002,hr_portal,read,2,user,0,none
2026-08-01 11:24:00,user_015,customer_data,read,1,user,0,none
2026-08-01 11:26:00,user_033,admin_console,read,9,user,0,none
2026-08-01 11:28:00,user_029,customer_data,read,3,user,0,none
2026-08-01 11:31:00,user_020,admin_console,read,6,user,0,none
2026-08-01 11:36:00,user_009,finance_db,read,4,user,0,none
2026-08-01 11:37:00,user_038,source_code_repo,read,9,user,0,none
2026-08-01 11:39:00,user_009,finance_db,read,5,user,0,none
2026-08-01 11:39:00,user_033,source_code_repo,read,3,user,0,none
2026-08-01 11:40:00,user_023,billing_system,read,7,user,0,none
2026-08-01 11:40:00,user_007,finance_db,read,6,user,0,none
2026-08-01 11:44:00,user_039,hr_portal,read,3,user,0,none
2026-08-01 11:45:00,user_008,finance_db,read,7,user,0,none
2026-08-01 11:47:00,user_038,hr_portal,read,8,user,0,none
2026-08-01 11:49:00,user_004,billing_system,read,1,user,0,none
2026-08-01 11:49:00,user_017,admin_console,read,5,user,0,none
2026-08-01 11:50:00,user_025,billing_system,read,4,user,0,none
2026-08-01 11:52:00,user_002,billing_system,read,9,user,0,none
2026-08-01 11:52:00,user_024,hr_portal,read,5,user,0,none
2026-08-01 11:53:00,user_011,finance_db,read,6,user,0,none
2026-08-01 11:53:00,user_017,source_code_repo,read,4,user,0,none
2026-08-01 11:54:00,user_033,customer_data,read,5,user,0,none
2026-08-01 11:55:00,user_016,billing_system,read,7,user,0,none
2026-08-01 11:57:00,user_027,customer_data,read,5,user,0,none
2026-08-01 12:02:00,user_005,email_server,read,5,user,0,none
2026-08-01 12:02:00,user_006,source_code_repo,read,7,user,0,none
2026-08-01 12:05:00,user_016,customer_data,read,1,user,0,none
2026-08-01 12:12:00,user_038,hr_portal,read,7,user,0,none
2026-08-01 12:14:00,user_010,email_server,read,6,user,0,none
2026-08-01 12:17:00,user_038,reports_db,read,7,user,0,none
2026-08-01 12:18:00,user_019,admin_console,read,9,user,0,none
2026-08-01 12:18:00,user_026,hr_portal,read,2,user,0,none
2026-08-01 12:21:00,user_005,source_code_repo,read,9,user,0,none
2026-08-01 12:22:00,user_001,reports_db,read,8,user,0,none
2026-08-01 12:24:00,user_016,reports_db,read,6,user,0,none
2026-08-01 12:25:00,user_005,hr_portal,read,3,user,0,none
2026-08-01 12:30:00,user_004,billing_system,read,9,user,0,none
2026-08-01 12:31:00,user_034,hr_portal,read,6,user,0,none
2026-08-01 12:38:00,user_021,billing_system,read,3,user,0,none
2026-08-01 12:41:00,user_033,source_code_repo,read,2,user,0,none
2026-08-01 12:41:00,user_020,source_code_repo,read,3,user,0,none
2026-08-01 12:43:00,user_019,source_code_repo,read,6,user,0,none
2026-08-01 12:44:00,user_038,source_code_repo,read,9,user,0,none
2026-08-01 12:46:00,user_010,hr_portal,read,7,user,0,none
2026-08-01 12:48:00,user_038,customer_data,read,6,user,0,none
2026-08-01 12:49:00,user_031,source_code_repo,read,7,user,0,none
2026-08-01 12:50:00,user_009,billing_system,read,2,user,0,none
2026-08-01 12:51:00,user_040,admin_console,read,7,user,0,none
2026-08-01 12:51:00,user_007,email_server,read,5,user,0,none
2026-08-01 12:52:00,user_009,reports_db,read,5,user,0,none
2026-08-01 12:52:00,user_030,email_server,read,5,user,0,none
2026-08-01 12:52:00,user_033,finance_db,read,2,user,0,none
2026-08-01 12:57:00,user_020,finance_db,read,2,user,0,none
2026-08-01 12:58:00,user_035,admin_console,read,4,user,0,none
2026-08-01 13:00:00,user_027,billing_system,read,9,user,0,none
2026-08-01 13:01:00,user_038,customer_data,read,2,user,0,none
2026-08-01 13:01:00,user_012,admin_console,read,5,user,0,none
2026-08-01 13:03:00,user_038,reports_db,read,1,user,0,none
2026-08-01 13:04:00,user_037,email_server,read,3,user,0,none
2026-08-01 13:05:00,user_009,email_server,read,2,user,0,none
2026-08-01 13:06:00,user_036,hr_portal,read,8,user,0,none
2026-08-01 13:07:00,user_039,reports_db,read,8,user,0,none
2026-08-01 13:07:00,user_011,reports_db,read,2,user,0,none
2026-08-01 13:13:00,user_021,source_code_repo,read,8,user,0,none
2026-08-01 13:15:00,user_034,source_code_repo,read,1,user,0,none
2026-08-01 13:18:00,user_019,reports_db,read,8,user,0,none
2026-08-01 13:22:00,user_005,reports_db,read,1,user,0,none
2026-08-01 13:25:00,user_037,billing_system,read,6,user,0,none
2026-08-01 13:28:00,user_032,billing_system,read,8,user,0,none
2026-08-01 13:29:00,user_033,admin_console,read,8,user,0,none
2026-08-01 13:34:00,user_002,finance_db,read,8,user,0,none
2026-08-01 13:37:00,user_018,customer_data,read,1,user,0,none
2026-08-01 13:37:00,user_028,billing_system,read,4,user,0,none
2026-08-01 13:38:00,user_024,customer_data,read,6,user,0,none
2026-08-01 13:38:00,user_030,admin_console,read,7,user,0,none
2026-08-01 13:38:00,user_015,source_code_repo,read,1,user,0,none
2026-08-01 13:39:00,user_006,finance_db,read,5,user,0,none
2026-08-01 13:41:00,user_008,hr_portal,read,6,user,0,none
2026-08-01 13:42:00,user_019,finance_db,read,1,user,0,none
2026-08-01 13:43:00,user_009,customer_data,read,3,user,0,none
2026-08-01 13:46:00,user_034,billing_system,read,6,user,0,none
2026-08-01 13:46:00,user_029,source_code_repo,read,8,user,0,none
2026-08-01 13:47:00,user_010,hr_portal,read,8,user,0,none
2026-08-01 13:48:00,user_021,billing_system,read,3,user,0,none
2026-08-01 13:51:00,user_008,customer_data,read,8,user,0,none
2026-08-01 13:55:00,user_005,finance_db,read,4,user,0,none
2026-08-01 13:55:00,user_016,billing_system,read,8,user,0,none
2026-08-01 13:56:00,user_026,email_server,read,4,user,0,none
2026-08-01 13:56:00,user_002,finance_db,read,3,user,0,none
2026-08-01 14:02:00,user_006,customer_data,read,4,user,0,none
2026-08-01 14:03:00,user_024,source_code_repo,read,6,user,0,none
2026-08-01 14:04:00,user_032,source_code_repo,read,1,user,0,none
2026-08-01 14:06:00,user_016,hr_portal,read,8,user,0,none
2026-08-01 14:06:00,user_034,admin_console,read,5,user,0,none
2026-08-01 14:07:00,user_031,billing_system,read,9,user,0,none
2026-08-01 14:20:00,user_033,admin_console,read,4,user,0,none
2026-08-01 14:21:00,user_018,finance_db,read,4,user,0,none
2026-08-01 14:24:00,user_007,finance_db,read,2,user,0,none
2026-08-01 14:25:00,user_017,hr_portal,read,5,user,0,none
2026-08-01 14:32:00,user_035,customer_data,read,8,user,0,none
2026-08-01 14:32:00,user_002,hr_portal,read,7,user,0,none
2026-08-01 14:34:00,user_003,finance_db,read,8,user,0,none
2026-08-01 14:35:00,user_013,billing_system,read,9,user,0,none
2026-08-01 14:38:00,user_017,reports_db,read,1,user,0,none
2026-08-01 14:40:00,user_035,hr_portal,read,3,user,0,none
2026-08-01 14:41:00,user_026,billing_system,read,3,user,0,none
2026-08-01 14:42:00,user_023,hr_portal,read,9,user,0,none
2026-08-01 14:43:00,user_019,hr_portal,read,1,user,0,none
2026-08-01 14:44:00,user_005,hr_portal,read,3,user,0,none
2026-08-01 14:47:00,user_006,hr_portal,read,5,user,0,none
2026-08-01 14:48:00,user_009,finance_db,read,5,user,0,none
2026-08-01 14:52:00,user_021,billing_system,read,9,user,0,none
2026-08-01 14:56:00,user_013,customer_data,read,4,user,0,none
2026-08-01 14:56:00,user_023,finance_db,read,2,user,0,none
2026-08-01 14:57:00,user_010,source_code_repo,read,7,user,0,none
2026-08-01 15:00:00,user_015,finance_db,read,7,user,0,none
2026-08-01 15:02:00,user_039,hr_portal,read,5,user,0,none
2026-08-01 15:04:00,user_004,hr_portal,read,2,user,0,none
2026-08-01 15:08:00,user_036,finance_db,read,3,user,0,none
2026-08-01 15:12:00,user_009,billing_system,read,7,user,0,none
2026-08-01 15:15:00,user_039,admin_console,read,6,user,0,none
2026-08-01 15:16:00,user_023,hr_portal,read,3,user,0,none
2026-08-01 15:18:00,user_014,customer_data,read,1,user,0,none
2026-08-01 15:18:00,user_024,reports_db,read,7,user,0,none
2026-08-01 15:20:00,user_024,customer_data,read,2,user,0,none
2026-08-01 15:21:00,user_040,customer_data,read,8,user,0,none
2026-08-01 15:21:00,user_035,email_server,read,7,user,0,none
2026-08-01 15:23:00,user_019,email_server,read,5,user,0,none
2026-08-01 15:24:00,user_004,reports_db,read,3,user,0,none
2026-08-01 15:24:00,user_018,email_server,read,9,user,0,none
2026-08-01 15:26:00,user_024,finance_db,read,4,user,0,none
2026-08-01 15:27:00,user_020,email_server,read,3,user,0,none
2026-08-01 15:27:00,user_032,admin_console,read,1,user,0,none
2026-08-01 15:31:00,user_035,customer_data,read,7,user,0,none
2026-08-01 15:32:00,user_021,admin_console,read,2,user,0,none
2026-08-01 15:36:00,user_016,customer_data,read,5,user,0,none
2026-08-01 15:37:00,user_012,admin_console,read,6,user,0,none
2026-08-01 15:41:00,user_008,admin_console,read,3,user,0,none
2026-08-01 15:42:00,user_005,billing_system,read,5,user,0,none
2026-08-01 15:43:00,user_038,billing_system,read,3,user,0,none
2026-08-01 15:46:00,user_003,customer_data,read,1,user,0,none
2026-08-01 15:46:00,user_013,reports_db,read,3,user,0,none
2026-08-01 15:47:00,user_008,admin_console,read,3,user,0,none
2026-08-01 15:50:00,user_003,reports_db,read,5,user,0,none
2026-08-01 15:52:00,user_037,email_server,read,6,user,0,none
2026-08-01 15:53:00,user_006,customer_data,read,2,user,0,none
2026-08-01 15:53:00,user_014,admin_console,read,3,user,0,none
2026-08-01 15:56:00,user_026,reports_db,read,6,user,0,none
2026-08-01 15:57:00,user_030,reports_db,read,1,user,0,none
2026-08-01 15:57:00,user_035,reports_db,read,1,user,0,none
2026-08-01 16:02:00,user_020,email_server,read,6,user,0,none
2026-08-01 16:02:00,user_030,billing_system,read,1,user,0,none
2026-08-01 16:04:00,user_013,billing_system,read,1,user,0,none
2026-08-01 16:06:00,user_010,customer_data,read,3,user,0,none
2026-08-01 16:06:00,user_013,customer_data,read,5,user,0,none
2026-08-01 16:07:00,user_027,reports_db,read,4,user,0,none
2026-08-01 16:09:00,user_010,reports_db,read,9,user,0,none
2026-08-01 16:11:00,user_022,customer_data,read,9,user,0,none
2026-08-01 16:12:00,user_017,finance_db,read,1,user,0,none
2026-08-01 16:12:00,user_021,customer_data,read,7,user,0,none
2026-08-01 16:13:00,user_008,admin_console,read,5,user,0,none
2026-08-01 16:16:00,user_012,hr_portal,read,7,user,0,none
2026-08-01 16:19:00,user_004,source_code_repo,read,5,user,0,none
2026-08-01 16:28:00,user_030,reports_db,read,8,user,0,none
2026-08-01 16:29:00,user_013,finance_db,read,4,user,0,none
2026-08-01 16:33:00,user_008,reports_db,read,4,user,0,none
2026-08-01 16:37:00,user_026,email_server,read,6,user,0,none
2026-08-01 16:38:00,user_028,reports_db,read,3,user,0,none
2026-08-01 16:40:00,user_002,source_code_repo,read,5,user,0,none
2026-08-01 16:41:00,user_033,email_server,read,5,user,0,none
2026-08-01 16:46:00,user_028,customer_data,read,9,user,0,none
2026-08-01 16:47:00,user_024,hr_portal,read,8,user,0,none
2026-08-01 16:49:00,user_038,hr_portal,read,8,user,0,none
2026-08-01 16:50:00,user_010,finance_db,read,3,user,0,none
2026-08-01 16:54:00,user_017,admin_console,read,6,user,0,none
2026-08-01 16:55:00,user_015,admin_console,read,7,user,0,none
2026-08-01 16:58:00,user_021,customer_data,read,7,user,0,none
2026-08-01 17:00:00,user_008,reports_db,read,4,user,0,none
2026-08-01 17:01:00,user_026,customer_data,read,7,user,0,none
2026-08-01 17:05:00,user_025,billing_system,read,1,user,0,none
2026-08-01 17:10:00,user_004,billing_system,read,2,user,0,none
2026-08-01 17:12:00,user_035,source_code_repo,read,8,user,0,none
2026-08-01 17:15:00,user_039,admin_console,read,3,user,0,none
2026-08-01 17:17:00,user_028,source_code_repo,read,8,user,0,none
2026-08-01 17:19:00,user_017,email_server,read,1,user,0,none
2026-08-01 17:20:00,user_003,source_code_repo,read,9,user,0,none
2026-08-01 17:21:00,user_024,finance_db,read,7,user,0,none
2026-08-01 17:21:00,user_004,customer_data,read,2,user,0,none
2026-08-01 17:21:00,user_002,email_server,read,5,user,0,none
2026-08-01 17:21:00,user_022,customer_data,read,6,user,0,none
2026-08-01 17:23:00,user_013,customer_data,read,7,user,0,none
2026-08-01 17:27:00,user_023,hr_portal,read,3,user,0,none
2026-08-01 17:27:00,user_011,finance_db,read,7,user,0,none
2026-08-01 17:28:00,user_029,billing_system,read,2,user,0,none
2026-08-01 17:30:00,user_031,billing_system,read,1,user,0,none
2026-08-01 17:32:00,user_020,source_code_repo,read,7,user,0,none
2026-08-01 17:32:00,user_022,finance_db,read,6,user,0,none
2026-08-01 17:32:00,user_005,hr_portal,read,2,user,0,none
2026-08-01 17:33:00,user_004,finance_db,read,4,user,0,none
2026-08-01 17:35:00,user_032,reports_db,read,3,user,0,none
2026-08-01 17:39:00,user_001,admin_console,read,2,user,0,none
2026-08-01 17:40:00,user_022,email_server,read,8,user,0,none
2026-08-01 17:40:00,user_017,customer_data,read,9,user,0,none
2026-08-01 17:41:00,user_011,email_server,read,3,user,0,none
2026-08-01 17:41:00,user_028,customer_data,read,8,user,0,none
2026-08-01 17:43:00,user_013,customer_data,read,9,user,0,none
2026-08-01 17:45:00,user_010,finance_db,read,6,user,0,none
2026-08-01 17:45:00,user_006,source_code_repo,read,9,user,0,none
2026-08-01 17:47:00,user_020,reports_db,read,5,user,0,none
2026-08-01 17:47:00,user_009,billing_system,read,2,user,0,none
2026-08-01 17:50:00,user_021,email_server,read,1,user,0,none
2026-08-01 17:54:00,user_036,finance_db,read,9,user,0,none
2026-08-01 17:54:00,user_015,email_server,read,5,user,0,none
2026-08-01 17:54:00,user_016,customer_data,read,3,user,0,none
2026-08-01 17:56:00,user_001,source_code_repo,read,2,user,0,none
2026-08-01 17:57:00,user_020,hr_portal,read,5,user,0,none
2026-08-01 17:58:00,user_026,hr_portal,read,2,user,0,none
2026-08-02 09:01:00,user_025,reports_db,read,9,user,0,none
2026-08-02 09:04:00,user_038,email_server,read,1,user,0,none
2026-08-02 09:06:00,user_021,email_server,read,3,user,0,none
2026-08-02 09:10:00,user_009,source_code_repo,read,1,user,0,none
2026-08-02 09:11:00,user_040,billing_system,read,7,user,0,none
2026-08-02 09:11:00,user_032,customer_data,read,4,user,0,none
2026-08-02 09:14:00,user_014,billing_system,read,2,user,0,none
2026-08-02 09:14:00,user_035,customer_data,read,4,user,0,none
2026-08-02 09:15:00,user_029,finance_db,read,4,user,0,none
2026-08-02 09:16:00,user_021,email_server,read,1,user,0,none
2026-08-02 09:17:00,user_037,billing_system,read,3,user,0,none
2026-08-02 09:18:00,user_007,finance_db,read,1,user,0,none
2026-08-02 09:19:00,user_015,admin_console,read,4,user,0,none
2026-08-02 09:20:00,user_038,admin_console,read,5,user,0,none
2026-08-02 09:22:00,user_033,source_code_repo,read,4,user,0,none
2026-08-02 09:23:00,user_039,reports_db,read,3,user,0,none
2026-08-02 09:32:00,user_011,source_code_repo,read,7,user,0,none
2026-08-02 09:35:00,user_001,hr_portal,read,1,user,0,none
2026-08-02 09:36:00,user_003,billing_system,read,8,user,0,none
2026-08-02 09:36:00,user_034,finance_db,read,1,user,0,none
2026-08-02 09:38:00,user_004,hr_portal,read,3,user,0,none
2026-08-02 09:38:00,user_031,source_code_repo,read,2,user,0,none
2026-08-02 09:40:00,user_004,hr_portal,read,5,user,0,none
2026-08-02 09:41:00,user_008,finance_db,read,1,user,0,none
2026-08-02 09:41:00,user_004,admin_console,read,7,user,0,none
2026-08-02 09:41:00,user_011,hr_portal,read,3,user,0,none
2026-08-02 09:41:00,user_007,admin_console,read,8,user,0,none
2026-08-02 09:42:00,user_037,customer_data,read,8,user,0,none
2026-08-02 09:43:00,user_003,reports_db,read,3,user,0,none
2026-08-02 09:49:00,user_025,customer_data,read,3,user,0,none
2026-08-02 09:53:00,user_012,reports_db,read,1,user,0,none
2026-08-02 09:58:00,user_035,finance_db,read,6,user,0,none
2026-08-02 10:00:00,user_016,source_code_repo,read,2,user,0,none
2026-08-02 10:00:00,user_005,billing_system,read,6,user,0,none
2026-08-02 10:03:00,user_020,reports_db,read,5,user,0,none
2026-08-02 10:04:00,user_008,finance_db,read,2,user,0,none
2026-08-02 10:04:00,user_018,email_server,read,6,user,0,none
2026-08-02 10:08:00,user_012,reports_db,read,6,user,0,none
2026-08-02 10:15:00,user_017,email_server,read,2,user,0,none
2026-08-02 10:15:00,user_011,billing_system,read,3,user,0,none
2026-08-02 10:20:00,user_012,hr_portal,read,8,user,0,none
2026-08-02 10:22:00,user_012,email_server,read,1,user,0,none
2026-08-02 10:23:00,user_036,finance_db,read,7,user,0,none
2026-08-02 10:25:00,user_024,source_code_repo,read,4,user,0,none
2026-08-02 10:27:00,user_028,reports_db,read,8,user,0,none
2026-08-02 10:28:00,user_011,finance_db,read,5,user,0,none
2026-08-02 10:28:00,user_007,finance_db,read,8,user,0,none
2026-08-02 10:29:00,user_011,reports_db,read,1,user,0,none
2026-08-02 10:30:00,user_033,email_server,read,7,user,0,none
2026-08-02 10:30:00,user_002,reports_db,read,4,user,0,none
2026-08-02 10:31:00,user_001,source_code_repo,read,2,user,0,none
2026-08-02 10:32:00,user_027,source_code_repo,read,5,user,0,none
2026-08-02 10:35:00,user_022,finance_db,read,9,user,0,none
2026-08-02 10:35:00,user_018,source_code_repo,read,6,user,0,none
2026-08-02 10:37:00,user_025,hr_portal,read,1,user,0,none
2026-08-02 10:37:00,user_016,reports_db,read,7,user,0,none
2026-08-02 10:39:00,user_011,finance_db,read,6,user,0,none
2026-08-02 10:40:00,user_015,admin_console,read,9,user,0,none
2026-08-02 10:42:00,user_004,reports_db,read,8,user,0,none
2026-08-02 10:43:00,user_003,hr_portal,read,2,user,0,none
2026-08-02 10:46:00,user_022,reports_db,read,5,user,0,none
2026-08-02 10:46:00,user_004,finance_db,read,4,user,0,none
2026-08-02 10:48:00,user_022,email_server,read,9,user,0,none
2026-08-02 10:49:00,user_005,source_code_repo,read,4,user,0,none
2026-08-02 10:49:00,user_029,source_code_repo,read,9,user,0,none
2026-08-02 10:51:00,user_023,billing_system,read,2,user,0,none
2026-08-02 10:53:00,user_029,finance_db,read,8,user,0,none
2026-08-02 10:54:00,user_013,email_server,read,7,user,0,none
2026-08-02 10:54:00,user_004,source_code_repo,read,6,user,0,none
2026-08-02 11:01:00,user_008,email_server,read,1,user,0,none
2026-08-02 11:01:00,user_023,admin_console,read,9,user,0,none
2026-08-02 11:07:00,user_032,hr_portal,read,8,user,0,none
2026-08-02 11:09:00,user_030,admin_console,read,1,user,0,none
2026-08-02 11:09:00,user_024,customer_data,read,2,user,0,none
2026-08-02 11:12:00,user_023,billing_system,read,5,user,0,none
2026-08-02 11:15:00,user_021,hr_portal,read,1,user,0,none
2026-08-02 11:16:00,user_031,admin_console,read,9,user,0,none
2026-08-02 11:17:00,user_037,source_code_repo,read,1,user,0,none
2026-08-02 11:20:00,user_040,admin_console,read,6,user,0,none
2026-08-02 11:20:00,user_030,source_code_repo,read,8,user,0,none
2026-08-02 11:21:00,user_030,reports_db,read,1,user,0,none
2026-08-02 11:21:00,user_015,source_code_repo,read,8,user,0,none
2026-08-02 11:24:00,user_029,finance_db,read,9,user,0,none
2026-08-02 11:24:00,user_014,finance_db,read,7,user,0,none
2026-08-02 11:25:00,user_012,source_code_repo,read,2,user,0,none
2026-08-02 11:26:00,user_013,customer_data,read,3,user,0,none
2026-08-02 11:27:00,user_036,reports_db,read,6,user,0,none
2026-08-02 11:32:00,user_010,hr_portal,read,1,user,0,none
2026-08-02 11:34:00,user_030,email_server,read,1,user,0,none
2026-08-02 11:38:00,user_013,hr_portal,read,2,user,0,none
2026-08-02 11:41:00,user_022,reports_db,read,7,user,0,none
2026-08-02 11:41:00,user_036,reports_db,read,6,user,0,none
2026-08-02 11:45:00,user_035,hr_portal,read,7,user,0,none
2026-08-02 11:45:00,user_004,admin_console,read,6,user,0,none
2026-08-02 11:50:00,user_037,customer_data,read,6,user,0,none
2026-08-02 11:50:00,user_004,customer_data,read,7,user,0,none
2026-08-02 11:52:00,user_039,email_server,read,3,user,0,none
2026-08-02 11:57:00,user_031,billing_system,read,6,user,0,none
2026-08-02 12:00:00,user_013,email_server,read,6,user,0,none
2026-08-02 12:09:00,user_009,customer_data,read,3,user,0,none
2026-08-02 12:09:00,user_017,source_code_repo,read,1,user,0,none
2026-08-02 12:12:00,user_027,finance_db,read,3,user,0,none
2026-08-02 12:16:00,user_030,reports_db,read,8,user,0,none
2026-08-02 12:16:00,user_003,admin_console,read,3,user,0,none
2026-08-02 12:17:00,user_022,email_server,read,6,user,0,none
2026-08-02 12:20:00,user_031,customer_data,read,6,user,0,none
2026-08-02 12:20:00,user_016,customer_data,read,2,user,0,none
2026-08-02 12:21:00,user_036,hr_portal,read,6,user,0,none
2026-08-02 12:23:00,user_029,hr_portal,read,8,user,0,none
2026-08-02 12:25:00,user_019,hr_portal,read,1,user,0,none
2026-08-02 12:27:00,user_017,admin_console,read,7,user,0,none
2026-08-02 12:27:00,user_026,source_code_repo,read,3,user,0,none
2026-08-02 12:28:00,user_032,email_server,read,6,user,0,none
2026-08-02 12:28:00,user_011,finance_db,read,9,user,0,none
2026-08-02 12:29:00,user_009,finance_db,read,1,user,0,none
2026-08-02 12:30:00,user_027,email_server,read,3,user,0,none
2026-08-02 12:35:00,user_031,email_server,read,4,user,0,none
2026-08-02 12:36:00,user_018,source_code_repo,read,6,user,0,none
2026-08-02 12:36:00,user_003,email_server,read,1,user,0,none
2026-08-02 12:37:00,user_005,reports_db,read,2,user,0,none
2026-08-02 12:39:00,user_026,reports_db,read,4,user,0,none
2026-08-02 12:39:00,user_002,customer_data,read,4,user,0,none
2026-08-02 12:41:00,user_013,hr_portal,read,6,user,0,none
2026-08-02 12:44:00,user_021,source_code_repo,read,1,user,0,none
2026-08-02 12:46:00,user_015,finance_db,read,4,user,0,none
2026-08-02 12:49:00,user_023,hr_portal,read,3,user,0,none
2026-08-02 12:50:00,user_004,reports_db,read,4,user,0,none
2026-08-02 12:51:00,user_033,email_server,read,3,user,0,none
2026-08-02 12:51:00,user_013,finance_db,read,9,user,0,none
2026-08-02 12:55:00,user_008,email_server,read,9,user,0,none
2026-08-02 12:58:00,user_025,admin_console,read,4,user,0,none
2026-08-02 12:58:00,user_029,billing_system,read,1,user,0,none
2026-08-02 13:00:00,user_029,admin_console,read,7,user,0,none
2026-08-02 13:01:00,user_003,customer_data,read,2,user,0,none
2026-08-02 13:03:00,user_039,reports_db,read,3,user,0,none
2026-08-02 13:04:00,user_017,admin_console,read,4,user,0,none
2026-08-02 13:04:00,user_016,reports_db,read,5,user,0,none
2026-08-02 13:06:00,user_028,admin_console,read,5,user,0,none
2026-08-02 13:07:00,user_011,finance_db,read,2,user,0,none
2026-08-02 13:07:00,user_009,finance_db,read,3,user,0,none
2026-08-02 13:09:00,user_001,admin_console,read,4,user,0,none
2026-08-02 13:13:00,user_033,reports_db,read,9,user,0,none
2026-08-02 13:15:00,user_010,email_server,read,6,user,0,none
2026-08-02 13:15:00,user_006,finance_db,read,8,user,0,none
2026-08-02 13:16:00,user_019,hr_portal,read,9,user,0,none
2026-08-02 13:16:00,user_022,hr_portal,read,6,user,0,none
2026-08-02 13:17:00,user_022,billing_system,read,8,user,0,none
2026-08-02 13:17:00,user_033,hr_portal,read,1,user,0,none
2026-08-02 13:18:00,user_023,customer_data,read,8,user,0,none
2026-08-02 13:18:00,user_007,reports_db,read,2,user,0,none
2026-08-02 13:18:00,user_035,source_code_repo,read,6,user,0,none
2026-08-02 13:19:00,user_017,reports_db,read,2,user,0,none
2026-08-02 13:20:00,user_018,reports_db,read,9,user,0,none
2026-08-02 13:26:00,user_016,admin_console,read,3,user,0,none
2026-08-02 13:30:00,user_016,source_code_repo,read,1,user,0,none
2026-08-02 13:34:00,user_025,hr_portal,read,8,user,0,none
2026-08-02 13:39:00,user_005,customer_data,read,9,user,0,none
2026-08-02 13:39:00,user_021,source_code_repo,read,8,user,0,none
2026-08-02 13:40:00,user_036,finance_db,read,1,user,0,none
2026-08-02 13:40:00,user_011,email_server,read,6,user,0,none
2026-08-02 13:41:00,user_010,billing_system,read,3,user,0,none
2026-08-02 13:41:00,user_009,customer_data,read,7,user,0,none
2026-08-02 13:46:00,user_020,source_code_repo,read,2,user,0,none
2026-08-02 13:46:00,user_023,source_code_repo,read,6,user,0,none
2026-08-02 13:47:00,user_003,billing_system,read,6,user,0,none
2026-08-02 13:49:00,user_010,reports_db,read,8,user,0,none
2026-08-02 13:49:00,user_013,billing_system,read,6,user,0,none
2026-08-02 13:49:00,user_028,finance_db,read,8,user,0,none
2026-08-02 13:51:00,user_030,source_code_repo,read,5,user,0,none
2026-08-02 13:53:00,user_039,finance_db,read,7,user,0,none
2026-08-02 13:56:00,user_015,reports_db,read,3,user,0,none
2026-08-02 13:56:00,user_018,email_server,read,2,user,0,none
2026-08-02 13:56:00,user_032,reports_db,read,9,user,0,none
2026-08-02 13:57:00,user_034,reports_db,read,2,user,0,none
2026-08-02 14:01:00,user_015,source_code_repo,read,4,user,0,none
2026-08-02 14:02:00,user_014,source_code_repo,read,8,user,0,none
2026-08-02 14:06:00,user_038,billing_system,read,3,user,0,none
2026-08-02 14:09:00,user_005,finance_db,read,5,user,0,none
2026-08-02 14:10:00,user_001,email_server,read,8,user,0,none
2026-08-02 14:11:00,user_039,customer_data,read,1,user,0,none
2026-08-02 14:14:00,user_034,billing_system,read,4,user,0,none
2026-08-02 14:18:00,user_019,hr_portal,read,7,user,0,none
2026-08-02 14:20:00,user_032,billing_system,read,1,user,0,none
2026-08-02 14:23:00,user_039,hr_portal,read,8,user,0,none
2026-08-02 14:24:00,user_020,hr_portal,read,1,user,0,none
2026-08-02 14:26:00,user_026,admin_console,read,3,user,0,none
2026-08-02 14:26:00,user_004,hr_portal,read,5,user,0,none
2026-08-02 14:26:00,user_020,hr_portal,read,6,user,0,none
2026-08-02 14:27:00,user_021,customer_data,read,7,user,0,none
2026-08-02 14:32:00,user_008,billing_system,read,9,user,0,none
2026-08-02 14:32:00,user_008,email_server,read,6,user,0,none
2026-08-02 14:33:00,user_034,source_code_repo,read,4,user,0,none
2026-08-02 14:35:00,user_039,customer_data,read,8,user,0,none
2026-08-02 14:36:00,user_013,email_server,read,9,user,0,none
2026-08-02 14:41:00,user_029,billing_system,read,7,user,0,none
2026-08-02 14:45:00,user_016,reports_db,read,4,user,0,none
2026-08-02 14:45:00,user_036,hr_portal,read,5,user,0,none
2026-08-02 14:47:00,user_021,source_code_repo,read,6,user,0,none
2026-08-02 14:47:00,user_025,finance_db,read,6,user,0,none
2026-08-02 14:48:00,user_022,customer_data,read,5,user,0,none
2026-08-02 14:49:00,user_039,hr_portal,read,6,user,0,none
2026-08-02 14:55:00,user_035,billing_system,read,5,user,0,none
2026-08-02 14:56:00,user_032,email_server,read,8,user,0,none
2026-08-02 14:56:00,user_016,admin_console,read,8,user,0,none
2026-08-02 14:57:00,user_017,hr_portal,read,9,user,0,none
2026-08-02 15:06:00,user_028,hr_portal,read,5,user,0,none
2026-08-02 15:06:00,user_002,source_code_repo,read,5,user,0,none
2026-08-02 15:10:00,user_001,hr_portal,read,9,user,0,none
2026-08-02 15:11:00,user_001,hr_portal,read,7,user,0,none
2026-08-02 15:11:00,user_015,admin_console,read,8,user,0,none
2026-08-02 15:12:00,user_017,source_code_repo,read,2,user,0,none
2026-08-02 15:18:00,user_004,source_code_repo,read,2,user,0,none
2026-08-02 15:20:00,user_026,email_server,read,8,user,0,none
2026-08-02 15:21:00,user_022,customer_data,read,5,user,0,none
2026-08-02 15:27:00,user_026,email_server,read,3,user,0,none
2026-08-02 15:29:00,user_038,source_code_repo,read,2,user,0,none
2026-08-02 15:31:00,user_007,admin_console,read,8,user,0,none
2026-08-02 15:36:00,user_025,email_server,read,8,user,0,none
2026-08-02 15:37:00,user_013,hr_portal,read,9,user,0,none
2026-08-02 15:38:00,user_016,email_server,read,9,user,0,none
2026-08-02 15:39:00,user_002,source_code_repo,read,4,user,0,none
2026-08-02 15:43:00,user_015,source_code_repo,read,2,user,0,none
2026-08-02 15:44:00,user_028,hr_portal,read,4,user,0,none
2026-08-02 15:44:00,user_002,reports_db,read,4,user,0,none
2026-08-02 15:45:00,user_028,hr_portal,read,3,user,0,none
2026-08-02 15:47:00,user_028,source_code_repo,read,4,user,0,none
2026-08-02 15:48:00,user_022,customer_data,read,6,user,0,none
2026-08-02 15:55:00,user_038,admin_console,read,5,user,0,none
2026-08-02 15:57:00,user_008,admin_console,read,6,user,0,none
2026-08-02 16:01:00,user_006,source_code_repo,read,1,user,0,none
2026-08-02 16:04:00,user_040,finance_db,read,9,user,0,none
2026-08-02 16:06:00,user_015,source_code_repo,read,9,user,0,none
2026-08-02 16:13:00,user_018,email_server,read,1,user,0,none
2026-08-02 16:14:00,user_023,reports_db,read,4,user,0,none
2026-08-02 16:17:00,user_002,admin_console,read,9,user,0,none
2026-08-02 16:21:00,user_038,hr_portal,read,5,user,0,none
2026-08-02 16:22:00,user_030,source_code_repo,read,1,user,0,none
2026-08-02 16:22:00,user_002,customer_data,read,4,user,0,none
2026-08-02 16:22:00,user_018,billing_system,read,5,user,0,none
2026-08-02 16:25:00,user_036,admin_console,read,4,user,0,none
2026-08-02 16:28:00,user_006,source_code_repo,read,6,user,0,none
2026-08-02 16:30:00,user_025,hr_portal,read,7,user,0,none
2026-08-02 16:31:00,user_036,email_server,read,8,user,0,none
2026-08-02 16:32:00,user_026,reports_db,read,1,user,0,none
2026-08-02 16:38:00,user_008,hr_portal,read,6,user,0,none
2026-08-02 16:40:00,user_031,admin_console,read,7,user,0,none
2026-08-02 16:41:00,user_036,finance_db,read,7,user,0,none
2026-08-02 16:41:00,user_035,reports_db,read,3,user,0,none
2026-08-02 16:44:00,user_038,finance_db,read,2,user,0,none
2026-08-02 16:45:00,user_038,billing_system,read,1,user,0,none
2026-08-02 16:47:00,user_032,admin_console,read,9,user,0,none
2026-08-02 16:47:00,user_024,reports_db,read,7,user,0,none
2026-08-02 16:48:00,user_038,hr_portal,read,9,user,0,none
2026-08-02 16:49:00,user_032,hr_portal,read,3,user,0,none
2026-08-02 16:49:00,user_018,hr_portal,read,2,user,0,none
2026-08-02 17:01:00,user_032,reports_db,read,3,user,0,none
2026-08-02 17:01:00,user_018,finance_db,read,9,user,0,none
2026-08-02 17:04:00,user_011,reports_db,read,3,user,0,none
2026-08-02 17:05:00,user_034,email_server,read,5,user,0,none
2026-08-02 17:05:00,user_039,customer_data,read,4,user,0,none
2026-08-02 17:07:00,user_016,source_code_repo,read,2,user,0,none
2026-08-02 17:07:00,user_005,finance_db,read,4,user,0,none
2026-08-02 17:10:00,user_025,billing_system,read,6,user,0,none
2026-08-02 17:13:00,user_013,billing_system,read,3,user,0,none
2026-08-02 17:15:00,user_036,hr_portal,read,2,user,0,none
2026-08-02 17:21:00,user_017,hr_portal,read,8,user,0,none
2026-08-02 17:24:00,user_033,billing_system,read,2,user,0,none
2026-08-02 17:27:00,user_023,hr_portal,read,9,user,0,none
2026-08-02 17:34:00,user_023,billing_system,read,8,user,0,none
2026-08-02 17:38:00,user_019,customer_data,read,2,user,0,none
2026-08-02 17:39:00,user_013,source_code_repo,read,3,user,0,none
2026-08-02 17:41:00,user_016,finance_db,read,4,user,0,none
2026-08-02 17:42:00,user_015,finance_db,read,9,user,0,none
2026-08-02 17:45:00,user_017,customer_data,read,5,user,0,none
2026-08-02 17:46:00,user_032,admin_console,read,4,user,0,none
2026-08-02 17:49:00,user_005,email_server,read,4,user,0,none
2026-08-02 17:51:00,user_030,finance_db,read,3,user,0,none
2026-08-02 17:52:00,user_037,reports_db,read,5,user,0,none
2026-08-02 17:52:00,user_034,hr_portal,read,4,user,0,none
2026-08-02 17:55:00,user_003,reports_db,read,4,user,0,none
2026-08-02 17:56:00,user_026,finance_db,read,4,user,0,none
2026-08-02 17:57:00,user_011,hr_portal,read,5,user,0,none
2026-08-02 17:57:00,user_014,finance_db,read,6,user,0,none
2026-08-03 04:13:00,user_022,admin_console,privilege_escalation,0,admin,1,privilege_escalation
2026-08-03 04:14:00,user_022,finance_db,download,740,admin,1,data_exfiltration
2026-08-03 09:00:00,user_018,finance_db,read,5,user,0,none
2026-08-03 09:01:00,user_014,billing_system,read,3,user,0,none
2026-08-03 09:03:00,user_032,reports_db,read,5,user,0,none
2026-08-03 09:08:00,user_019,admin_console,read,7,user,0,none
2026-08-03 09:20:00,user_035,billing_system,read,1,user,0,none
2026-08-03 09:24:00,user_004,customer_data,read,5,user,0,none
2026-08-03 09:25:00,user_021,hr_portal,read,2,user,0,none
2026-08-03 09:25:00,user_006,finance_db,read,2,user,0,none
2026-08-03 09:27:00,user_040,hr_portal,read,9,user,0,none
2026-08-03 09:28:00,user_004,hr_portal,read,4,user,0,none
2026-08-03 09:28:00,user_037,reports_db,read,9,user,0,none
2026-08-03 09:30:00,user_018,email_server,read,5,user,0,none
2026-08-03 09:31:00,user_020,email_server,read,4,user,0,none
2026-08-03 09:36:00,user_029,customer_data,read,6,user,0,none
2026-08-03 09:39:00,user_023,finance_db,read,3,user,0,none
2026-08-03 09:39:00,user_016,hr_portal,read,7,user,0,none
2026-08-03 09:39:00,user_033,reports_db,read,1,user,0,none
2026-08-03 09:40:00,user_016,admin_console,read,1,user,0,none
2026-08-03 09:41:00,user_038,reports_db,read,1,user,0,none
2026-08-03 09:42:00,user_020,email_server,read,9,user,0,none
2026-08-03 09:42:00,user_011,billing_system,read,3,user,0,none
2026-08-03 09:43:00,user_014,hr_portal,read,1,user,0,none
2026-08-03 09:43:00,user_032,email_server,read,7,user,0,none
2026-08-03 09:45:00,user_037,customer_data,read,4,user,0,none
2026-08-03 09:46:00,user_027,hr_portal,read,8,user,0,none
2026-08-03 09:48:00,user_012,hr_portal,read,6,user,0,none
2026-08-03 09:50:00,user_035,reports_db,read,3,user,0,none
2026-08-03 09:50:00,user_029,source_code_repo,read,3,user,0,none
2026-08-03 09:52:00,user_023,finance_db,read,3,user,0,none
2026-08-03 09:52:00,user_029,hr_portal,read,8,user,0,none
2026-08-03 09:56:00,user_033,admin_console,read,7,user,0,none
2026-08-03 09:56:00,user_007,billing_system,read,4,user,0,none
2026-08-03 10:00:00,user_001,admin_console,read,1,user,0,none
2026-08-03 10:00:00,user_005,reports_db,read,7,user,0,none
2026-08-03 10:04:00,user_006,billing_system,read,8,user,0,none
2026-08-03 10:05:00,user_006,billing_system,read,1,user,0,none
2026-08-03 10:05:00,user_003,email_server,read,8,user,0,none
2026-08-03 10:12:00,user_010,admin_console,read,7,user,0,none
2026-08-03 10:14:00,user_016,customer_data,read,6,user,0,none
2026-08-03 10:16:00,user_020,email_server,read,4,user,0,none
2026-08-03 10:17:00,user_040,email_server,read,5,user,0,none
2026-08-03 10:19:00,user_030,customer_data,read,9,user,0,none
2026-08-03 10:19:00,user_024,billing_system,read,6,user,0,none
2026-08-03 10:23:00,user_023,source_code_repo,read,5,user,0,none
2026-08-03 10:24:00,user_040,finance_db,read,4,user,0,none
2026-08-03 10:26:00,user_003,reports_db,read,6,user,0,none
2026-08-03 10:27:00,user_036,hr_portal,read,5,user,0,none
2026-08-03 10:28:00,user_024,hr_portal,read,2,user,0,none
2026-08-03 10:30:00,user_028,customer_data,read,7,user,0,none
2026-08-03 10:32:00,user_012,finance_db,read,6,user,0,none
2026-08-03 10:33:00,user_033,billing_system,read,9,user,0,none
2026-08-03 10:35:00,user_037,admin_console,read,4,user,0,none
2026-08-03 10:36:00,user_028,finance_db,read,6,user,0,none
2026-08-03 10:36:00,user_025,hr_portal,read,2,user,0,none
2026-08-03 10:37:00,user_039,finance_db,read,6,user,0,none
2026-08-03 10:38:00,user_017,billing_system,read,3,user,0,none
2026-08-03 10:39:00,user_026,billing_system,read,9,user,0,none
2026-08-03 10:40:00,user_007,billing_system,read,7,user,0,none
2026-08-03 10:41:00,user_029,billing_system,read,8,user,0,none
2026-08-03 10:44:00,user_024,source_code_repo,read,3,user,0,none
2026-08-03 10:47:00,user_035,finance_db,read,3,user,0,none
2026-08-03 10:50:00,user_011,email_server,read,7,user,0,none
2026-08-03 10:51:00,user_028,billing_system,read,3,user,0,none
2026-08-03 10:53:00,user_038,reports_db,read,5,user,0,none
2026-08-03 10:53:00,user_007,billing_system,read,5,user,0,none
2026-08-03 10:57:00,user_009,admin_console,read,4,user,0,none
2026-08-03 10:57:00,user_036,finance_db,read,4,user,0,none
2026-08-03 11:01:00,user_006,billing_system,read,7,user,0,none
2026-08-03 11:02:00,user_026,reports_db,read,8,user,0,none
2026-08-03 11:03:00,user_030,source_code_repo,read,4,user,0,none
2026-08-03 11:05:00,user_034,billing_system,read,1,user,0,none
2026-08-03 11:06:00,user_005,finance_db,read,1,user,0,none
2026-08-03 11:06:00,user_005,hr_portal,read,6,user,0,none
2026-08-03 11:07:00,user_008,source_code_repo,read,6,user,0,none
2026-08-03 11:09:00,user_004,customer_data,read,4,user,0,none
2026-08-03 11:12:00,user_016,billing_system,read,2,user,0,none
2026-08-03 11:14:00,user_040,finance_db,read,6,user,0,none
2026-08-03 11:14:00,user_015,admin_console,read,8,user,0,none
2026-08-03 11:17:00,user_020,reports_db,read,6,user,0,none
2026-08-03 11:19:00,user_018,email_server,read,4,user,0,none
2026-08-03 11:19:00,user_039,billing_system,read,9,user,0,none
2026-08-03 11:22:00,user_015,email_server,read,7,user,0,none
2026-08-03 11:22:00,user_035,source_code_repo,read,2,user,0,none
2026-08-03 11:24:00,user_026,email_server,read,4,user,0,none
2026-08-03 11:27:00,user_039,hr_portal,read,4,user,0,none
2026-08-03 11:31:00,user_005,source_code_repo,read,3,user,0,none
2026-08-03 11:39:00,user_038,hr_portal,read,4,user,0,none
2026-08-03 11:40:00,user_013,email_server,read,8,user,0,none
2026-08-03 11:42:00,user_038,admin_console,read,6,user,0,none
2026-08-03 11:44:00,user_004,admin_console,read,1,user,0,none
2026-08-03 11:45:00,user_012,hr_portal,read,8,user,0,none
2026-08-03 11:47:00,user_033,billing_system,read,9,user,0,none
2026-08-03 11:50:00,user_019,finance_db,read,4,user,0,none
2026-08-03 11:53:00,user_019,email_server,read,7,user,0,none
2026-08-03 11:55:00,user_025,source_code_repo,read,1,user,0,none
2026-08-03 11:58:00,user_018,hr_portal,read,4,user,0,none
2026-08-03 11:58:00,user_034,source_code_repo,read,5,user,0,none
2026-08-03 12:04:00,user_023,admin_console,read,4,user,0,none
2026-08-03 12:04:00,user_028,customer_data,read,2,user,0,none
2026-08-03 12:05:00,user_019,reports_db,read,1,user,0,none
2026-08-03 12:06:00,user_018,email_server,read,3,user,0,none
2026-08-03 12:13:00,user_023,source_code_repo,read,6,user,0,none
2026-08-03 12:16:00,user_018,admin_console,read,3,user,0,none
2026-08-03 12:16:00,user_011,customer_data,read,3,user,0,none
2026-08-03 12:19:00,user_038,billing_system,read,2,user,0,none
2026-08-03 12:19:00,user_031,customer_data,read,4,user,0,none
2026-08-03 12:21:00,user_025,customer_data,read,3,user,0,none
2026-08-03 12:21:00,user_017,source_code_repo,read,3,user,0,none
2026-08-03 12:21:00,user_001,email_server,read,5,user,0,none
2026-08-03 12:22:00,user_016,customer_data,read,2,user,0,none
2026-08-03 12:22:00,user_006,hr_portal,read,6,user,0,none
2026-08-03 12:24:00,user_021,reports_db,read,4,user,0,none
2026-08-03 12:25:00,user_030,email_server,read,8,user,0,none
2026-08-03 12:31:00,user_016,source_code_repo,read,2,user,0,none
2026-08-03 12:32:00,user_003,billing_system,read,1,user,0,none
2026-08-03 12:35:00,user_038,admin_console,read,1,user,0,none
2026-08-03 12:35:00,user_030,reports_db,read,2,user,0,none
2026-08-03 12:37:00,user_038,email_server,read,1,user,0,none
2026-08-03 12:39:00,user_025,email_server,read,1,user,0,none
2026-08-03 12:39:00,user_031,customer_data,read,5,user,0,none
2026-08-03 12:40:00,user_029,admin_console,read,4,user,0,none
2026-08-03 12:50:00,user_018,finance_db,read,6,user,0,none
2026-08-03 12:52:00,user_022,email_server,read,7,user,0,none
2026-08-03 12:58:00,user_035,customer_data,read,8,user,0,none
2026-08-03 13:01:00,user_025,finance_db,read,1,user,0,none
2026-08-03 13:04:00,user_004,billing_system,read,9,user,0,none
2026-08-03 13:05:00,user_039,reports_db,read,3,user,0,none
2026-08-03 13:06:00,user_002,email_server,read,4,user,0,none
2026-08-03 13:12:00,user_022,hr_portal,read,9,user,0,none
2026-08-03 13:12:00,user_029,email_server,read,4,user,0,none
2026-08-03 13:12:00,user_031,hr_portal,read,6,user,0,none
2026-08-03 13:15:00,user_004,customer_data,read,5,user,0,none
2026-08-03 13:15:00,user_030,customer_data,read,1,user,0,none
2026-08-03 13:18:00,user_029,hr_portal,read,4,user,0,none
2026-08-03 13:18:00,user_032,reports_db,read,8,user,0,none
2026-08-03 13:18:00,user_025,customer_data,read,9,user,0,none
2026-08-03 13:22:00,user_026,email_server,read,9,user,0,none
2026-08-03 13:23:00,user_003,email_server,read,6,user,0,none
2026-08-03 13:23:00,user_023,admin_console,read,4,user,0,none
2026-08-03 13:24:00,user_012,finance_db,read,7,user,0,none
2026-08-03 13:25:00,user_039,reports_db,read,1,user,0,none
2026-08-03 13:26:00,user_025,admin_console,read,9,user,0,none
2026-08-03 13:29:00,user_031,email_server,read,8,user,0,none
2026-08-03 13:31:00,user_009,admin_console,read,3,user,0,none
2026-08-03 13:33:00,user_014,email_server,read,4,user,0,none
2026-08-03 13:41:00,user_004,source_code_repo,read,3,user,0,none
2026-08-03 13:42:00,user_037,billing_system,read,1,user,0,none
2026-08-03 13:47:00,user_035,reports_db,read,7,user,0,none
2026-08-03 13:48:00,user_033,hr_portal,read,8,user,0,none
2026-08-03 13:52:00,user_004,hr_portal,read,6,user,0,none
2026-08-03 13:52:00,user_009,email_server,read,3,user,0,none
2026-08-03 13:53:00,user_028,source_code_repo,read,5,user,0,none
2026-08-03 13:55:00,user_005,hr_portal,read,5,user,0,none
2026-08-03 13:56:00,user_014,customer_data,read,3,user,0,none
2026-08-03 13:57:00,user_012,admin_console,read,1,user,0,none
2026-08-03 14:01:00,user_008,email_server,read,3,user,0,none
2026-08-03 14:06:00,user_038,finance_db,read,1,user,0,none
2026-08-03 14:08:00,user_028,source_code_repo,read,2,user,0,none
2026-08-03 14:08:00,user_026,finance_db,read,5,user,0,none
2026-08-03 14:09:00,user_013,reports_db,read,6,user,0,none
2026-08-03 14:10:00,user_006,customer_data,read,6,user,0,none
2026-08-03 14:10:00,user_036,finance_db,read,6,user,0,none
2026-08-03 14:14:00,user_023,email_server,read,7,user,0,none
2026-08-03 14:16:00,user_012,source_code_repo,read,1,user,0,none
2026-08-03 14:17:00,user_003,hr_portal,read,4,user,0,none
2026-08-03 14:21:00,user_028,admin_console,read,8,user,0,none
2026-08-03 14:22:00,user_012,customer_data,read,6,user,0,none
2026-08-03 14:25:00,user_008,finance_db,read,5,user,0,none
2026-08-03 14:25:00,user_025,finance_db,read,2,user,0,none
2026-08-03 14:30:00,user_037,source_code_repo,read,8,user,0,none
2026-08-03 14:33:00,user_007,hr_portal,read,5,user,0,none
2026-08-03 14:33:00,user_036,reports_db,read,1,user,0,none
2026-08-03 14:33:00,user_012,reports_db,read,1,user,0,none
2026-08-03 14:34:00,user_032,hr_portal,read,9,user,0,none
2026-08-03 14:35:00,user_004,email_server,read,8,user,0,none
2026-08-03 14:36:00,user_030,billing_system,read,8,user,0,none
2026-08-03 14:36:00,user_032,source_code_repo,read,4,user,0,none
2026-08-03 14:37:00,user_013,finance_db,read,3,user,0,none
2026-08-03 14:37:00,user_002,admin_console,read,5,user,0,none
2026-08-03 14:38:00,user_038,admin_console,read,4,user,0,none
2026-08-03 14:39:00,user_010,customer_data,read,3,user,0,none
2026-08-03 14:42:00,user_002,source_code_repo,read,2,user,0,none
2026-08-03 14:42:00,user_006,admin_console,read,7,user,0,none
2026-08-03 14:43:00,user_027,customer_data,read,5,user,0,none
2026-08-03 14:43:00,user_039,admin_console,read,6,user,0,none
2026-08-03 14:48:00,user_030,billing_system,read,9,user,0,none
2026-08-03 14:52:00,user_007,customer_data,read,5,user,0,none
2026-08-03 14:53:00,user_011,email_server,read,8,user,0,none
2026-08-03 14:54:00,user_027,admin_console,read,4,user,0,none
2026-08-03 14:55:00,user_028,reports_db,read,3,user,0,none
2026-08-03 14:56:00,user_020,customer_data,read,1,user,0,none
2026-08-03 14:58:00,user_025,billing_system,read,7,user,0,none
2026-08-03 15:02:00,user_014,billing_system,read,4,user,0,none
2026-08-03 15:04:00,user_026,hr_portal,read,6,user,0,none
2026-08-03 15:05:00,user_026,source_code_repo,read,3,user,0,none
2026-08-03 15:06:00,user_033,hr_portal,read,2,user,0,none
2026-08-03 15:08:00,user_013,customer_data,read,7,user,0,none
2026-08-03 15:08:00,user_019,hr_portal,read,4,user,0,none
2026-08-03 15:08:00,user_027,finance_db,read,6,user,0,none
2026-08-03 15:08:00,user_036,billing_system,read,3,user,0,none
2026-08-03 15:10:00,user_021,finance_db,read,6,user,0,none
2026-08-03 15:17:00,user_040,email_server,read,2,user,0,none
2026-08-03 15:17:00,user_002,admin_console,read,9,user,0,none
2026-08-03 15:19:00,user_017,admin_console,read,9,user,0,none
2026-08-03 15:21:00,user_038,reports_db,read,4,user,0,none
2026-08-03 15:23:00,user_026,source_code_repo,read,2,user,0,none
2026-08-03 15:25:00,user_002,billing_system,read,2,user,0,none
2026-08-03 15:32:00,user_018,customer_data,read,2,user,0,none
2026-08-03 15:32:00,user_012,reports_db,read,2,user,0,none
2026-08-03 15:32:00,user_007,billing_system,read,9,user,0,none
2026-08-03 15:33:00,user_035,hr_portal,read,4,user,0,none
2026-08-03 15:35:00,user_026,billing_system,read,6,user,0,none
2026-08-03 15:35:00,user_004,customer_data,read,5,user,0,none
2026-08-03 15:36:00,user_030,hr_portal,read,5,user,0,none
2026-08-03 15:36:00,user_033,email_server,read,8,user,0,none
2026-08-03 15:36:00,user_037,source_code_repo,read,5,user,0,none
2026-08-03 15:37:00,user_035,customer_data,read,9,user,0,none
2026-08-03 15:37:00,user_010,hr_portal,read,3,user,0,none
2026-08-03 15:39:00,user_023,source_code_repo,read,5,user,0,none
2026-08-03 15:40:00,user_020,hr_portal,read,4,user,0,none
2026-08-03 15:40:00,user_022,source_code_repo,read,3,user,0,none
2026-08-03 15:43:00,user_035,admin_console,read,9,user,0,none
2026-08-03 15:44:00,user_038,customer_data,read,1,user,0,none
2026-08-03 15:45:00,user_030,billing_system,read,1,user,0,none
2026-08-03 15:46:00,user_022,customer_data,read,4,user,0,none
2026-08-03 15:47:00,user_022,billing_system,read,4,user,0,none
2026-08-03 15:50:00,user_023,reports_db,read,5,user,0,none
2026-08-03 15:52:00,user_005,source_code_repo,read,1,user,0,none
2026-08-03 15:52:00,user_006,customer_data,read,4,user,0,none
2026-08-03 15:53:00,user_003,customer_data,read,7,user,0,none
2026-08-03 15:53:00,user_022,finance_db,read,8,user,0,none
2026-08-03 15:57:00,user_001,hr_portal,read,8,user,0,none
2026-08-03 16:04:00,user_028,finance_db,read,1,user,0,none
2026-08-03 16:05:00,user_032,reports_db,read,7,user,0,none
2026-08-03 16:10:00,user_008,finance_db,read,9,user,0,none
2026-08-03 16:11:00,user_034,customer_data,read,2,user,0,none
2026-08-03 16:11:00,user_011,admin_console,read,1,user,0,none
2026-08-03 16:14:00,user_012,email_server,read,8,user,0,none
2026-08-03 16:18:00,user_037,hr_portal,read,4,user,0,none
2026-08-03 16:21:00,user_020,admin_console,read,4,user,0,none
2026-08-03 16:24:00,user_001,finance_db,read,5,user,0,none
2026-08-03 16:26:00,user_020,reports_db,read,7,user,0,none
2026-08-03 16:27:00,user_029,customer_data,read,2,user,0,none
2026-08-03 16:32:00,user_010,admin_console,read,7,user,0,none
2026-08-03 16:34:00,user_013,email_server,read,8,user,0,none
2026-08-03 16:36:00,user_035,finance_db,read,2,user,0,none
2026-08-03 16:38:00,user_019,customer_data,read,8,user,0,none
2026-08-03 16:38:00,user_007,customer_data,read,1,user,0,none
2026-08-03 16:39:00,user_035,hr_portal,read,3,user,0,none
2026-08-03 16:41:00,user_039,customer_data,read,8,user,0,none
2026-08-03 16:43:00,user_006,source_code_repo,read,2,user,0,none
2026-08-03 16:43:00,user_015,email_server,read,7,user,0,none
2026-08-03 16:43:00,user_017,finance_db,read,1,user,0,none
2026-08-03 16:44:00,user_019,customer_data,read,6,user,0,none
2026-08-03 16:47:00,user_005,billing_system,read,6,user,0,none
2026-08-03 16:48:00,user_023,finance_db,read,8,user,0,none
2026-08-03 16:49:00,user_014,source_code_repo,read,9,user,0,none
2026-08-03 16:52:00,user_010,admin_console,read,8,user,0,none
2026-08-03 16:54:00,user_009,billing_system,read,2,user,0,none
2026-08-03 16:54:00,user_014,email_server,read,2,user,0,none
2026-08-03 16:57:00,user_034,admin_console,read,2,user,0,none
2026-08-03 17:01:00,user_021,admin_console,read,6,user,0,none
2026-08-03 17:04:00,user_025,billing_system,read,9,user,0,none
2026-08-03 17:08:00,user_028,admin_console,read,1,user,0,none
2026-08-03 17:09:00,user_014,reports_db,read,5,user,0,none
2026-08-03 17:14:00,user_005,admin_console,read,7,user,0,none
2026-08-03 17:14:00,user_011,reports_db,read,8,user,0,none
2026-08-03 17:14:00,user_036,customer_data,read,6,user,0,none
2026-08-03 17:14:00,user_007,billing_system,read,2,user,0,none
2026-08-03 17:16:00,user_039,email_server,read,1,user,0,none
2026-08-03 17:18:00,user_031,reports_db,read,1,user,0,none
2026-08-03 17:19:00,user_014,source_code_repo,read,1,user,0,none
2026-08-03 17:20:00,user_029,finance_db,read,7,user,0,none
2026-08-03 17:20:00,user_006,finance_db,read,7,user,0,none
2026-08-03 17:23:00,user_011,finance_db,read,5,user,0,none
2026-08-03 17:24:00,user_014,finance_db,read,3,user,0,none
2026-08-03 17:24:00,user_008,admin_console,read,2,user,0,none
2026-08-03 17:26:00,user_037,billing_system,read,5,user,0,none
2026-08-03 17:27:00,user_007,source_code_repo,read,8,user,0,none
2026-08-03 17:29:00,user_004,email_server,read,1,user,0,none
2026-08-03 17:30:00,user_026,source_code_repo,read,5,user,0,none
2026-08-03 17:30:00,user_030,source_code_repo,read,2,user,0,none
2026-08-03 17:33:00,user_005,admin_console,read,3,user,0,none
2026-08-03 17:35:00,user_020,reports_db,read,4,user,0,none
2026-08-03 17:36:00,user_026,customer_data,read,3,user,0,none
2026-08-03 17:38:00,user_001,reports_db,read,7,user,0,none
2026-08-03 17:41:00,user_014,customer_data,read,9,user,0,none
2026-08-03 17:43:00,user_002,customer_data,read,3,user,0,none
2026-08-03 17:45:00,user_013,admin_console,read,3,user,0,none
2026-08-03 17:49:00,user_023,email_server,read,9,user,0,none
2026-08-03 17:49:00,user_019,customer_data,read,9,user,0,none
2026-08-03 17:51:00,user_005,email_server,read,9,user,0,none
2026-08-03 17:53:00,user_036,email_server,read,9,user,0,none
2026-08-03 17:53:00,user_016,billing_system,read,6,user,0,none
2026-08-03 17:53:00,user_031,source_code_repo,read,3,user,0,none
2026-08-03 17:55:00,user_006,customer_data,read,6,user,0,none
2026-08-04 09:02:00,user_006,customer_data,read,1,user,0,none
2026-08-04 09:02:00,user_017,billing_system,read,3,user,0,none
2026-08-04 09:05:00,user_008,finance_db,read,1,user,0,none
2026-08-04 09:07:00,user_030,source_code_repo,read,4,user,0,none
2026-08-04 09:09:00,user_033,reports_db,read,6,user,0,none
2026-08-04 09:09:00,user_026,reports_db,read,5,user,0,none
2026-08-04 09:12:00,user_032,hr_portal,read,4,user,0,none
2026-08-04 09:15:00,user_003,customer_data,read,2,user,0,none
2026-08-04 09:15:00,user_038,billing_system,read,4,user,0,none
2026-08-04 09:16:00,user_003,source_code_repo,read,8,user,0,none
2026-08-04 09:18:00,user_026,finance_db,read,2,user,0,none
2026-08-04 09:19:00,user_002,hr_portal,read,9,user,0,none
2026-08-04 09:19:00,user_021,reports_db,read,6,user,0,none
2026-08-04 09:21:00,user_007,hr_portal,read,6,user,0,none
2026-08-04 09:21:00,user_029,source_code_repo,read,5,user,0,none
2026-08-04 09:22:00,user_037,source_code_repo,read,7,user,0,none
2026-08-04 09:23:00,user_031,hr_portal,read,1,user,0,none
2026-08-04 09:30:00,user_032,reports_db,read,8,user,0,none
2026-08-04 09:30:00,user_025,reports_db,read,4,user,0,none
2026-08-04 09:31:00,user_011,email_server,read,5,user,0,none
2026-08-04 09:32:00,user_027,source_code_repo,read,7,user,0,none
2026-08-04 09:32:00,user_029,source_code_repo,read,3,user,0,none
2026-08-04 09:33:00,user_007,source_code_repo,read,7,user,0,none
2026-08-04 09:33:00,user_019,billing_system,read,9,user,0,none
2026-08-04 09:37:00,user_038,billing_system,read,4,user,0,none
2026-08-04 09:38:00,user_015,customer_data,read,3,user,0,none
2026-08-04 09:38:00,user_012,reports_db,read,4,user,0,none
2026-08-04 09:40:00,user_007,customer_data,read,6,user,0,none
2026-08-04 09:40:00,user_004,hr_portal,read,2,user,0,none
2026-08-04 09:40:00,user_032,billing_system,read,7,user,0,none
2026-08-04 09:42:00,user_018,customer_data,read,7,user,0,none
2026-08-04 09:43:00,user_019,finance_db,read,7,user,0,none
2026-08-04 09:45:00,user_026,email_server,read,2,user,0,none
2026-08-04 09:45:00,user_030,customer_data,read,3,user,0,none
2026-08-04 09:46:00,user_033,billing_system,read,8,user,0,none
2026-08-04 09:46:00,user_015,customer_data,read,1,user,0,none
2026-08-04 09:49:00,user_008,customer_data,read,7,user,0,none
2026-08-04 09:51:00,user_014,finance_db,read,7,user,0,none
2026-08-04 09:52:00,user_032,billing_system,read,9,user,0,none
2026-08-04 09:53:00,user_007,hr_portal,read,5,user,0,none
2026-08-04 09:54:00,user_012,billing_system,read,4,user,0,none
2026-08-04 10:00:00,user_015,email_server,read,1,user,0,none
2026-08-04 10:01:00,user_039,reports_db,read,6,user,0,none
2026-08-04 10:02:00,user_023,reports_db,read,3,user,0,none
2026-08-04 10:06:00,user_030,customer_data,read,3,user,0,none
2026-08-04 10:07:00,user_038,customer_data,read,5,user,0,none
2026-08-04 10:07:00,user_034,finance_db,read,6,user,0,none
2026-08-04 10:09:00,user_025,finance_db,read,1,user,0,none
2026-08-04 10:10:00,user_038,billing_system,read,9,user,0,none
2026-08-04 10:15:00,user_030,email_server,read,1,user,0,none
2026-08-04 10:17:00,user_012,customer_data,read,6,user,0,none
2026-08-04 10:18:00,user_020,reports_db,read,3,user,0,none
2026-08-04 10:20:00,user_024,billing_system,read,1,user,0,none
2026-08-04 10:22:00,user_007,hr_portal,read,9,user,0,none
2026-08-04 10:22:00,user_026,source_code_repo,read,3,user,0,none
2026-08-04 10:24:00,user_006,email_server,read,8,user,0,none
2026-08-04 10:26:00,user_028,customer_data,read,5,user,0,none
2026-08-04 10:30:00,user_039,hr_portal,read,2,user,0,none
2026-08-04 10:31:00,user_022,customer_data,read,9,user,0,none
2026-08-04 10:32:00,user_028,finance_db,read,6,user,0,none
2026-08-04 10:33:00,user_022,reports_db,read,9,user,0,none
2026-08-04 10:36:00,user_037,reports_db,read,8,user,0,none
2026-08-04 10:38:00,user_001,admin_console,read,3,user,0,none
2026-08-04 10:46:00,user_030,customer_data,read,7,user,0,none
2026-08-04 10:49:00,user_027,admin_console,read,2,user,0,none
2026-08-04 10:50:00,user_009,customer_data,read,3,user,0,none
2026-08-04 10:50:00,user_022,email_server,read,3,user,0,none
2026-08-04 10:52:00,user_014,reports_db,read,6,user,0,none
2026-08-04 10:53:00,user_034,billing_system,read,9,user,0,none
2026-08-04 10:56:00,user_012,admin_console,read,7,user,0,none
2026-08-04 10:56:00,user_021,billing_system,read,4,user,0,none
2026-08-04 10:56:00,user_028,hr_portal,read,1,user,0,none
2026-08-04 10:58:00,user_023,hr_portal,read,4,user,0,none
2026-08-04 11:02:00,user_025,email_server,read,5,user,0,none
2026-08-04 11:03:00,user_014,customer_data,read,7,user,0,none
2026-08-04 11:07:00,user_026,source_code_repo,read,8,user,0,none
2026-08-04 11:08:00,user_015,billing_system,read,9,user,0,none
2026-08-04 11:08:00,user_006,customer_data,read,2,user,0,none
2026-08-04 11:09:00,user_039,billing_system,read,5,user,0,none
2026-08-04 11:12:00,user_002,source_code_repo,read,3,user,0,none
2026-08-04 11:13:00,user_010,finance_db,read,5,user,0,none
2026-08-04 11:14:00,user_012,customer_data,read,2,user,0,none
2026-08-04 11:14:00,user_013,email_server,read,9,user,0,none
2026-08-04 11:14:00,user_002,source_code_repo,read,7,user,0,none
2026-08-04 11:16:00,user_022,finance_db,read,6,user,0,none
2026-08-04 11:19:00,user_008,finance_db,read,7,user,0,none
2026-08-04 11:20:00,user_010,hr_portal,read,1,user,0,none
2026-08-04 11:23:00,user_010,email_server,read,8,user,0,none
2026-08-04 11:26:00,user_032,customer_data,read,8,user,0,none
2026-08-04 11:27:00,user_037,email_server,read,2,user,0,none
2026-08-04 11:28:00,user_025,email_server,read,1,user,0,none
2026-08-04 11:28:00,user_026,email_server,read,8,user,0,none
2026-08-04 11:30:00,user_014,reports_db,read,3,user,0,none
2026-08-04 11:32:00,user_039,email_server,read,6,user,0,none
2026-08-04 11:33:00,user_034,admin_console,read,5,user,0,none
2026-08-04 11:35:00,user_038,hr_portal,read,7,user,0,none
2026-08-04 11:35:00,user_036,hr_portal,read,8,user,0,none
2026-08-04 11:38:00,user_012,customer_data,read,1,user,0,none
2026-08-04 11:40:00,user_036,admin_console,read,8,user,0,none
2026-08-04 11:42:00,user_015,hr_portal,read,3,user,0,none
2026-08-04 11:46:00,user_005,source_code_repo,read,4,user,0,none
2026-08-04 11:49:00,user_035,source_code_repo,read,9,user,0,none
2026-08-04 11:55:00,user_028,customer_data,read,7,user,0,none
2026-08-04 11:57:00,user_019,billing_system,read,5,user,0,none
2026-08-04 11:58:00,user_025,hr_portal,read,5,user,0,none
2026-08-04 12:04:00,user_010,finance_db,read,9,user,0,none
2026-08-04 12:05:00,user_015,hr_portal,read,6,user,0,none
2026-08-04 12:05:00,user_011,finance_db,read,7,user,0,none
2026-08-04 12:06:00,user_035,email_server,read,8,user,0,none
2026-08-04 12:06:00,user_008,finance_db,read,1,user,0,none
2026-08-04 12:08:00,user_006,admin_console,read,1,user,0,none
2026-08-04 12:09:00,user_008,admin_console,read,6,user,0,none
2026-08-04 12:10:00,user_027,admin_console,read,4,user,0,none
2026-08-04 12:14:00,user_015,admin_console,read,2,user,0,none
2026-08-04 12:18:00,user_033,source_code_repo,read,3,user,0,none
2026-08-04 12:20:00,user_004,admin_console,read,1,user,0,none
2026-08-04 12:22:00,user_034,source_code_repo,read,9,user,0,none
2026-08-04 12:25:00,user_006,hr_portal,read,7,user,0,none
2026-08-04 12:27:00,user_013,email_server,read,4,user,0,none
2026-08-04 12:29:00,user_005,admin_console,read,9,user,0,none
2026-08-04 12:30:00,user_008,finance_db,read,4,user,0,none
2026-08-04 12:31:00,user_018,customer_data,read,6,user,0,none
2026-08-04 12:34:00,user_003,source_code_repo,read,3,user,0,none
2026-08-04 12:34:00,user_010,source_code_repo,read,1,user,0,none
2026-08-04 12:36:00,user_018,finance_db,read,9,user,0,none
2026-08-04 12:36:00,user_003,customer_data,read,7,user,0,none
2026-08-04 12:38:00,user_001,admin_console,read,4,user,0,none
2026-08-04 12:42:00,user_012,source_code_repo,read,4,user,0,none
2026-08-04 12:42:00,user_021,source_code_repo,read,8,user,0,none
2026-08-04 12:44:00,user_015,billing_system,read,4,user,0,none
2026-08-04 12:51:00,user_033,source_code_repo,read,3,user,0,none
2026-08-04 12:51:00,user_039,billing_system,read,6,user,0,none
2026-08-04 12:56:00,user_007,email_server,read,7,user,0,none
2026-08-04 12:58:00,user_029,hr_portal,read,1,user,0,none
2026-08-04 13:10:00,user_033,email_server,read,5,user,0,none
2026-08-04 13:13:00,user_013,email_server,read,1,user,0,none
2026-08-04 13:16:00,user_040,billing_system,read,9,user,0,none
2026-08-04 13:16:00,user_016,customer_data,read,7,user,0,none
2026-08-04 13:17:00,user_017,customer_data,read,5,user,0,none
2026-08-04 13:18:00,user_010,reports_db,read,3,user,0,none
2026-08-04 13:18:00,user_001,hr_portal,read,8,user,0,none
2026-08-04 13:20:00,user_009,email_server,read,7,user,0,none
2026-08-04 13:22:00,user_034,email_server,read,2,user,0,none
2026-08-04 13:25:00,user_039,source_code_repo,read,5,user,0,none
2026-08-04 13:26:00,user_022,reports_db,read,4,user,0,none
2026-08-04 13:26:00,user_021,source_code_repo,read,6,user,0,none
2026-08-04 13:26:00,user_021,customer_data,read,3,user,0,none
2026-08-04 13:26:00,user_035,admin_console,read,4,user,0,none
2026-08-04 13:30:00,user_016,billing_system,read,3,user,0,none
2026-08-04 13:31:00,user_006,billing_system,read,9,user,0,none
2026-08-04 13:32:00,user_022,email_server,read,4,user,0,none
2026-08-04 13:32:00,user_006,billing_system,read,5,user,0,none
2026-08-04 13:33:00,user_002,finance_db,read,9,user,0,none
2026-08-04 13:34:00,user_033,source_code_repo,read,4,user,0,none
2026-08-04 13:34:00,user_032,source_code_repo,read,7,user,0,none
2026-08-04 13:35:00,user_014,email_server,read,4,user,0,none
2026-08-04 13:36:00,user_034,finance_db,read,1,user,0,none
2026-08-04 13:43:00,user_025,hr_portal,read,9,user,0,none
2026-08-04 13:44:00,user_019,hr_portal,read,9,user,0,none
2026-08-04 13:45:00,user_026,billing_system,read,5,user,0,none
2026-08-04 13:45:00,user_035,admin_console,read,7,user,0,none
2026-08-04 13:46:00,user_011,billing_system,read,4,user,0,none
2026-08-04 13:47:00,user_018,source_code_repo,read,4,user,0,none
2026-08-04 13:50:00,user_010,reports_db,read,8,user,0,none
2026-08-04 13:50:00,user_018,finance_db,read,2,user,0,none
2026-08-04 13:52:00,user_016,source_code_repo,read,5,user,0,none
2026-08-04 13:55:00,user_037,hr_portal,read,2,user,0,none
2026-08-04 13:56:00,user_028,source_code_repo,read,4,user,0,none
2026-08-04 13:57:00,user_014,email_server,read,6,user,0,none
2026-08-04 13:58:00,user_035,billing_system,read,3,user,0,none
2026-08-04 14:00:00,user_016,finance_db,read,4,user,0,none
2026-08-04 14:01:00,user_009,email_server,read,6,user,0,none
2026-08-04 14:01:00,user_027,source_code_repo,read,4,user,0,none
2026-08-04 14:01:00,user_033,customer_data,read,3,user,0,none
2026-08-04 14:02:00,user_015,source_code_repo,read,5,user,0,none
2026-08-04 14:03:00,user_015,hr_portal,read,4,user,0,none
2026-08-04 14:04:00,user_025,customer_data,read,7,user,0,none
2026-08-04 14:05:00,user_008,reports_db,read,3,user,0,none
2026-08-04 14:08:00,user_031,reports_db,read,9,user,0,none
2026-08-04 14:11:00,user_004,email_server,read,5,user,0,none
2026-08-04 14:11:00,user_028,admin_console,read,5,user,0,none
2026-08-04 14:11:00,user_040,finance_db,read,7,user,0,none
2026-08-04 14:14:00,user_038,billing_system,read,4,user,0,none
2026-08-04 14:15:00,user_014,email_server,read,2,user,0,none
2026-08-04 14:20:00,user_029,reports_db,read,7,user,0,none
2026-08-04 14:22:00,user_020,hr_portal,read,6,user,0,none
2026-08-04 14:24:00,user_034,billing_system,read,7,user,0,none
2026-08-04 14:24:00,user_022,reports_db,read,7,user,0,none
2026-08-04 14:26:00,user_033,reports_db,read,1,user,0,none
2026-08-04 14:28:00,user_007,source_code_repo,read,3,user,0,none
2026-08-04 14:28:00,user_028,finance_db,read,9,user,0,none
2026-08-04 14:29:00,user_013,reports_db,read,7,user,0,none
2026-08-04 14:40:00,user_023,source_code_repo,read,6,user,0,none
2026-08-04 14:40:00,user_038,reports_db,read,9,user,0,none
2026-08-04 14:42:00,user_028,reports_db,read,8,user,0,none
2026-08-04 14:51:00,user_019,reports_db,read,5,user,0,none
2026-08-04 14:52:00,user_030,reports_db,read,3,user,0,none
2026-08-04 14:53:00,user_025,customer_data,read,9,user,0,none
2026-08-04 14:54:00,user_009,hr_portal,read,3,user,0,none
2026-08-04 14:55:00,user_014,source_code_repo,read,7,user,0,none
2026-08-04 14:58:00,user_036,source_code_repo,read,8,user,0,none
2026-08-04 15:01:00,user_015,finance_db,read,5,user,0,none
2026-08-04 15:09:00,user_024,hr_portal,read,8,user,0,none
2026-08-04 15:14:00,user_006,source_code_repo,read,8,user,0,none
2026-08-04 15:15:00,user_040,finance_db,read,7,user,0,none
2026-08-04 15:16:00,user_009,reports_db,read,5,user,0,none
2026-08-04 15:17:00,user_031,email_server,read,4,user,0,none
2026-08-04 15:17:00,user_039,source_code_repo,read,2,user,0,none
2026-08-04 15:18:00,user_012,source_code_repo,read,4,user,0,none
2026-08-04 15:19:00,user_026,source_code_repo,read,8,user,0,none
2026-08-04 15:19:00,user_033,email_server,read,9,user,0,none
2026-08-04 15:20:00,user_003,billing_system,read,9,user,0,none
2026-08-04 15:20:00,user_039,email_server,read,9,user,0,none
2026-08-04 15:20:00,user_010,billing_system,read,7,user,0,none
2026-08-04 15:21:00,user_032,reports_db,read,8,user,0,none
2026-08-04 15:21:00,user_006,reports_db,read,5,user,0,none
2026-08-04 15:22:00,user_009,source_code_repo,read,3,user,0,none
2026-08-04 15:26:00,user_036,source_code_repo,read,6,user,0,none
2026-08-04 15:26:00,user_038,admin_console,read,4,user,0,none
2026-08-04 15:28:00,user_032,email_server,read,9,user,0,none
2026-08-04 15:28:00,user_001,customer_data,read,4,user,0,none
2026-08-04 15:29:00,user_018,source_code_repo,read,7,user,0,none
2026-08-04 15:33:00,user_040,customer_data,read,3,user,0,none
2026-08-04 15:40:00,user_038,finance_db,read,7,user,0,none
2026-08-04 15:41:00,user_009,finance_db,read,2,user,0,none
2026-08-04 15:41:00,user_039,email_server,read,5,user,0,none
2026-08-04 15:41:00,user_037,customer_data,read,4,user,0,none
2026-08-04 15:48:00,user_022,source_code_repo,read,4,user,0,none
2026-08-04 15:52:00,user_010,source_code_repo,read,9,user,0,none
2026-08-04 15:55:00,user_040,finance_db,read,1,user,0,none
2026-08-04 15:57:00,user_039,finance_db,read,2,user,0,none
2026-08-04 16:02:00,user_038,email_server,read,6,user,0,none
2026-08-04 16:03:00,user_026,billing_system,read,1,user,0,none
2026-08-04 16:04:00,user_017,hr_portal,read,8,user,0,none
2026-08-04 16:04:00,user_039,customer_data,read,1,user,0,none
2026-08-04 16:08:00,user_018,email_server,read,2,user,0,none
2026-08-04 16:08:00,user_013,reports_db,read,8,user,0,none
2026-08-04 16:08:00,user_014,reports_db,read,6,user,0,none
2026-08-04 16:09:00,user_018,finance_db,read,7,user,0,none
2026-08-04 16:09:00,user_030,billing_system,read,6,user,0,none
2026-08-04 16:14:00,user_034,customer_data,read,3,user,0,none
2026-08-04 16:15:00,user_008,email_server,read,3,user,0,none
2026-08-04 16:15:00,user_040,reports_db,read,6,user,0,none
2026-08-04 16:17:00,user_028,reports_db,read,4,user,0,none
2026-08-04 16:17:00,user_003,finance_db,read,4,user,0,none
2026-08-04 16:19:00,user_027,admin_console,read,4,user,0,none
2026-08-04 16:20:00,user_005,customer_data,read,4,user,0,none
2026-08-04 16:21:00,user_004,billing_system,read,3,user,0,none
2026-08-04 16:23:00,user_004,admin_console,read,5,user,0,none
2026-08-04 16:27:00,user_003,billing_system,read,3,user,0,none
2026-08-04 16:29:00,user_004,email_server,read,1,user,0,none
2026-08-04 16:29:00,user_024,billing_system,read,1,user,0,none
2026-08-04 16:34:00,user_020,finance_db,read,8,user,0,none
2026-08-04 16:35:00,user_022,admin_console,read,3,user,0,none
2026-08-04 16:35:00,user_026,source_code_repo,read,2,user,0,none
2026-08-04 16:36:00,user_014,hr_portal,read,3,user,0,none
2026-08-04 16:42:00,user_014,customer_data,read,3,user,0,none
2026-08-04 16:44:00,user_026,hr_portal,read,2,user,0,none
2026-08-04 16:46:00,user_017,hr_portal,read,9,user,0,none
2026-08-04 16:46:00,user_021,reports_db,read,1,user,0,none
2026-08-04 16:47:00,user_006,customer_data,read,9,user,0,none
2026-08-04 16:47:00,user_028,reports_db,read,8,user,0,none
2026-08-04 16:58:00,user_012,customer_data,read,2,user,0,none
2026-08-04 17:00:00,user_012,reports_db,read,8,user,0,none
2026-08-04 17:00:00,user_040,finance_db,read,8,user,0,none
2026-08-04 17:01:00,user_016,customer_data,read,5,user,0,none
2026-08-04 17:06:00,user_004,hr_portal,read,2,user,0,none
2026-08-04 17:07:00,user_018,customer_data,read,1,user,0,none
2026-08-04 17:07:00,user_012,reports_db,read,5,user,0,none
2026-08-04 17:10:00,user_033,billing_system,read,9,user,0,none
2026-08-04 17:11:00,user_006,reports_db,read,6,user,0,none
2026-08-04 17:11:00,user_003,hr_portal,read,2,user,0,none
2026-08-04 17:13:00,user_004,admin_console,read,4,user,0,none
2026-08-04 17:17:00,user_009,finance_db,read,2,user,0,none
2026-08-04 17:17:00,user_018,source_code_repo,read,5,user,0,none
2026-08-04 17:18:00,user_011,billing_system,read,7,user,0,none
2026-08-04 17:19:00,user_007,customer_data,read,7,user,0,none
2026-08-04 17:20:00,user_028,email_server,read,6,user,0,none
2026-08-04 17:20:00,user_011,billing_system,read,1,user,0,none
2026-08-04 17:24:00,user_007,source_code_repo,read,9,user,0,none
2026-08-04 17:24:00,user_031,customer_data,read,9,user,0,none
2026-08-04 17:26:00,user_011,finance_db,read,7,user,0,none
2026-08-04 17:28:00,user_035,finance_db,read,3,user,0,none
2026-08-04 17:28:00,user_003,admin_console,read,5,user,0,none
2026-08-04 17:30:00,user_034,billing_system,read,1,user,0,none
2026-08-04 17:32:00,user_025,billing_system,read,1,user,0,none
2026-08-04 17:40:00,user_034,customer_data,read,1,user,0,none
2026-08-04 17:41:00,user_021,admin_console,read,2,user,0,none
2026-08-04 17:43:00,user_009,source_code_repo,read,4,user,0,none
2026-08-04 17:46:00,user_031,billing_system,read,3,user,0,none
2026-08-04 17:47:00,user_010,hr_portal,read,2,user,0,none
2026-08-04 17:47:00,user_035,finance_db,read,7,user,0,none
2026-08-04 17:48:00,user_016,reports_db,read,6,user,0,none
2026-08-04 17:49:00,user_017,email_server,read,4,user,0,none
2026-08-04 17:49:00,user_037,hr_portal,read,3,user,0,none
2026-08-04 17:52:00,user_027,email_server,read,9,user,0,none
2026-08-04 17:55:00,user_023,finance_db,read,2,user,0,none
2026-08-04 17:55:00,user_001,reports_db,read,8,user,0,none
2026-08-04 17:56:00,user_030,hr_portal,read,2,user,0,none
2026-08-05 09:01:00,user_035,customer_data,read,5,user,0,none
2026-08-05 09:05:00,user_032,hr_portal,read,2,user,0,none
2026-08-05 09:09:00,user_030,finance_db,read,8,user,0,none
2026-08-05 09:11:00,user_029,customer_data,read,1,user,0,none
2026-08-05 09:12:00,user_006,reports_db,read,2,user,0,none
2026-08-05 09:13:00,user_030,source_code_repo,read,9,user,0,none
2026-08-05 09:15:00,user_001,reports_db,read,3,user,0,none
2026-08-05 09:16:00,user_021,billing_system,read,8,user,0,none
2026-08-05 09:17:00,user_015,finance_db,read,6,user,0,none
2026-08-05 09:19:00,user_001,reports_db,read,7,user,0,none
2026-08-05 09:25:00,user_039,hr_portal,read,7,user,0,none
2026-08-05 09:26:00,user_002,finance_db,read,9,user,0,none
2026-08-05 09:31:00,user_034,billing_system,read,7,user,0,none
2026-08-05 09:32:00,user_008,finance_db,read,2,user,0,none
2026-08-05 09:33:00,user_037,reports_db,read,2,user,0,none
2026-08-05 09:38:00,user_020,email_server,read,2,user,0,none
2026-08-05 09:38:00,user_010,admin_console,read,9,user,0,none
2026-08-05 09:39:00,user_002,admin_console,read,7,user,0,none
2026-08-05 09:40:00,user_015,customer_data,read,6,user,0,none
2026-08-05 09:43:00,user_022,customer_data,read,8,user,0,none
2026-08-05 09:43:00,user_038,hr_portal,read,2,user,0,none
2026-08-05 09:43:00,user_012,finance_db,read,7,user,0,none
2026-08-05 09:45:00,user_035,source_code_repo,read,9,user,0,none
2026-08-05 09:49:00,user_018,hr_portal,read,1,user,0,none
2026-08-05 09:50:00,user_030,hr_portal,read,7,user,0,none
2026-08-05 09:54:00,user_010,customer_data,read,8,user,0,none
2026-08-05 09:55:00,user_012,customer_data,read,7,user,0,none
2026-08-05 09:57:00,user_024,hr_portal,read,7,user,0,none
2026-08-05 09:57:00,user_027,source_code_repo,read,1,user,0,none
2026-08-05 10:00:00,user_023,source_code_repo,read,3,user,0,none
2026-08-05 10:01:00,user_018,reports_db,read,7,user,0,none
2026-08-05 10:02:00,user_022,hr_portal,read,3,user,0,none
2026-08-05 10:04:00,user_031,admin_console,read,9,user,0,none
2026-08-05 10:04:00,user_039,reports_db,read,6,user,0,none
2026-08-05 10:06:00,user_025,hr_portal,read,9,user,0,none
2026-08-05 10:11:00,user_022,admin_console,read,2,user,0,none
2026-08-05 10:17:00,user_005,reports_db,read,6,user,0,none
2026-08-05 10:17:00,user_008,reports_db,read,6,user,0,none
2026-08-05 10:18:00,user_011,billing_system,read,2,user,0,none
2026-08-05 10:24:00,user_031,source_code_repo,read,4,user,0,none
2026-08-05 10:25:00,user_023,admin_console,read,3,user,0,none
2026-08-05 10:29:00,user_031,customer_data,read,5,user,0,none
2026-08-05 10:34:00,user_014,source_code_repo,read,4,user,0,none
2026-08-05 10:34:00,user_035,finance_db,read,8,user,0,none
2026-08-05 10:39:00,user_040,hr_portal,read,9,user,0,none
2026-08-05 10:39:00,user_001,hr_portal,read,1,user,0,none
2026-08-05 10:41:00,user_012,reports_db,read,8,user,0,none
2026-08-05 10:42:00,user_019,email_server,read,6,user,0,none
2026-08-05 10:45:00,user_003,email_server,read,2,user,0,none
2026-08-05 10:46:00,user_024,customer_data,read,4,user,0,none
2026-08-05 10:46:00,user_038,customer_data,read,4,user,0,none
2026-08-05 10:47:00,user_009,source_code_repo,read,8,user,0,none
2026-08-05 10:49:00,user_020,source_code_repo,read,4,user,0,none
2026-08-05 10:49:00,user_040,email_server,read,6,user,0,none
2026-08-05 10:51:00,user_019,source_code_repo,read,3,user,0,none
2026-08-05 10:52:00,user_026,reports_db,read,5,user,0,none
2026-08-05 10:57:00,user_019,hr_portal,read,4,user,0,none
2026-08-05 11:01:00,user_008,reports_db,read,9,user,0,none
2026-08-05 11:04:00,user_014,reports_db,read,3,user,0,none
2026-08-05 11:06:00,user_012,admin_console,read,6,user,0,none
2026-08-05 11:06:00,user_031,customer_data,read,9,user,0,none
2026-08-05 11:08:00,user_009,billing_system,read,2,user,0,none
2026-08-05 11:09:00,user_015,email_server,read,4,user,0,none
2026-08-05 11:09:00,user_027,reports_db,read,6,user,0,none
2026-08-05 11:10:00,user_018,finance_db,read,6,user,0,none
2026-08-05 11:10:00,user_030,reports_db,read,5,user,0,none
2026-08-05 11:12:00,user_022,finance_db,read,4,user,0,none
2026-08-05 11:14:00,user_028,finance_db,read,6,user,0,none
2026-08-05 11:16:00,user_019,reports_db,read,2,user,0,none
2026-08-05 11:16:00,user_026,customer_data,read,9,user,0,none
2026-08-05 11:19:00,user_035,finance_db,read,8,user,0,none
2026-08-05 11:21:00,user_012,billing_system,read,3,user,0,none
2026-08-05 11:22:00,user_010,finance_db,read,1,user,0,none
2026-08-05 11:22:00,user_031,hr_portal,read,7,user,0,none
2026-08-05 11:24:00,user_008,finance_db,read,5,user,0,none
2026-08-05 11:25:00,user_002,billing_system,read,3,user,0,none
2026-08-05 11:27:00,user_009,finance_db,read,4,user,0,none
2026-08-05 11:27:00,user_035,reports_db,read,4,user,0,none
2026-08-05 11:28:00,user_018,admin_console,read,8,user,0,none
2026-08-05 11:31:00,user_020,email_server,read,5,user,0,none
2026-08-05 11:34:00,user_013,reports_db,read,2,user,0,none
2026-08-05 11:34:00,user_013,source_code_repo,read,8,user,0,none
2026-08-05 11:34:00,user_008,customer_data,read,5,user,0,none
2026-08-05 11:38:00,user_036,email_server,read,7,user,0,none
2026-08-05 11:45:00,user_034,source_code_repo,read,1,user,0,none
2026-08-05 11:46:00,user_011,finance_db,read,4,user,0,none
2026-08-05 11:46:00,user_020,reports_db,read,1,user,0,none
2026-08-05 11:47:00,user_031,source_code_repo,read,6,user,0,none
2026-08-05 11:48:00,user_018,billing_system,read,5,user,0,none
2026-08-05 11:49:00,user_032,email_server,read,2,user,0,none
2026-08-05 11:49:00,user_026,customer_data,read,6,user,0,none
2026-08-05 11:50:00,user_018,email_server,read,4,user,0,none
2026-08-05 11:50:00,user_032,hr_portal,read,7,user,0,none
2026-08-05 11:53:00,user_011,email_server,read,1,user,0,none
2026-08-05 11:54:00,user_008,reports_db,read,8,user,0,none
2026-08-05 11:58:00,user_030,source_code_repo,read,2,user,0,none
2026-08-05 12:00:00,user_020,customer_data,read,5,user,0,none
2026-08-05 12:00:00,user_034,email_server,read,5,user,0,none
2026-08-05 12:04:00,user_013,admin_console,read,8,user,0,none
2026-08-05 12:05:00,user_031,billing_system,read,5,user,0,none
2026-08-05 12:05:00,user_012,billing_system,read,9,user,0,none
2026-08-05 12:07:00,user_011,reports_db,read,4,user,0,none
2026-08-05 12:09:00,user_010,email_server,read,7,user,0,none
2026-08-05 12:09:00,user_036,email_server,read,4,user,0,none
2026-08-05 12:10:00,user_031,reports_db,read,3,user,0,none
2026-08-05 12:12:00,user_034,reports_db,read,6,user,0,none
2026-08-05 12:14:00,user_001,source_code_repo,read,4,user,0,none
2026-08-05 12:18:00,user_019,finance_db,read,7,user,0,none
2026-08-05 12:21:00,user_039,finance_db,read,7,user,0,none
2026-08-05 12:24:00,user_025,hr_portal,read,5,user,0,none
2026-08-05 12:24:00,user_027,admin_console,read,8,user,0,none
2026-08-05 12:24:00,user_012,admin_console,read,7,user,0,none
2026-08-05 12:26:00,user_026,finance_db,read,6,user,0,none
2026-08-05 12:28:00,user_007,hr_portal,read,1,user,0,none
2026-08-05 12:30:00,user_009,admin_console,read,2,user,0,none
2026-08-05 12:32:00,user_039,admin_console,read,9,user,0,none
2026-08-05 12:33:00,user_012,email_server,read,2,user,0,none
2026-08-05 12:35:00,user_001,hr_portal,read,4,user,0,none
2026-08-05 12:38:00,user_035,customer_data,read,9,user,0,none
2026-08-05 12:44:00,user_021,reports_db,read,8,user,0,none
2026-08-05 12:46:00,user_028,email_server,read,4,user,0,none
2026-08-05 12:47:00,user_026,email_server,read,5,user,0,none
2026-08-05 12:47:00,user_003,billing_system,read,1,user,0,none
2026-08-05 12:50:00,user_005,source_code_repo,read,2,user,0,none
2026-08-05 12:52:00,user_013,hr_portal,read,2,user,0,none
2026-08-05 12:55:00,user_035,finance_db,read,9,user,0,none
2026-08-05 13:02:00,user_030,admin_console,read,3,user,0,none
2026-08-05 13:04:00,user_040,email_server,read,7,user,0,none
2026-08-05 13:07:00,user_015,email_server,read,9,user,0,none
2026-08-05 13:08:00,user_022,billing_system,read,9,user,0,none
2026-08-05 13:08:00,user_037,hr_portal,read,9,user,0,none
2026-08-05 13:10:00,user_023,email_server,read,6,user,0,none
2026-08-05 13:14:00,user_035,hr_portal,read,1,user,0,none
2026-08-05 13:15:00,user_009,admin_console,read,1,user,0,none
2026-08-05 13:15:00,user_013,hr_portal,read,6,user,0,none
2026-08-05 13:16:00,user_004,admin_console,read,6,user,0,none
2026-08-05 13:20:00,user_018,finance_db,read,4,user,0,none
2026-08-05 13:21:00,user_005,admin_console,read,3,user,0,none
2026-08-05 13:26:00,user_013,finance_db,read,1,user,0,none
2026-08-05 13:28:00,user_039,email_server,read,7,user,0,none
2026-08-05 13:30:00,user_027,finance_db,read,8,user,0,none
2026-08-05 13:30:00,user_019,admin_console,read,5,user,0,none
2026-08-05 13:34:00,user_002,billing_system,read,9,user,0,none
2026-08-05 13:38:00,user_033,admin_console,read,5,user,0,none
2026-08-05 13:39:00,user_024,finance_db,read,7,user,0,none
2026-08-05 13:39:00,user_021,billing_system,read,4,user,0,none
2026-08-05 13:39:00,user_027,email_server,read,2,user,0,none
2026-08-05 13:41:00,user_034,admin_console,read,4,user,0,none
2026-08-05 13:42:00,user_017,finance_db,read,2,user,0,none
2026-08-05 13:43:00,user_004,customer_data,read,5,user,0,none
2026-08-05 13:44:00,user_033,reports_db,read,9,user,0,none
2026-08-05 13:46:00,user_028,email_server,read,8,user,0,none
2026-08-05 13:46:00,user_005,customer_data,read,6,user,0,none
2026-08-05 13:48:00,user_039,billing_system,read,5,user,0,none
2026-08-05 13:54:00,user_027,hr_portal,read,3,user,0,none
2026-08-05 13:54:00,user_016,billing_system,read,1,user,0,none
2026-08-05 13:57:00,user_004,email_server,read,3,user,0,none
2026-08-05 14:01:00,user_032,customer_data,read,8,user,0,none
2026-08-05 14:09:00,user_032,customer_data,read,3,user,0,none
2026-08-05 14:12:00,user_007,source_code_repo,read,7,user,0,none
2026-08-05 14:13:00,user_019,customer_data,read,1,user,0,none
2026-08-05 14:15:00,user_021,finance_db,read,8,user,0,none
2026-08-05 14:16:00,user_037,customer_data,read,3,user,0,none
2026-08-05 14:16:00,user_024,finance_db,read,9,user,0,none
2026-08-05 14:17:00,user_023,finance_db,read,1,user,0,none
2026-08-05 14:18:00,user_001,finance_db,read,6,user,0,none
2026-08-05 14:23:00,user_024,billing_system,read,6,user,0,none
2026-08-05 14:29:00,user_028,email_server,read,6,user,0,none
2026-08-05 14:32:00,user_029,reports_db,read,6,user,0,none
2026-08-05 14:34:00,user_011,customer_data,read,4,user,0,none
2026-08-05 14:34:00,user_036,source_code_repo,read,6,user,0,none
2026-08-05 14:35:00,user_023,reports_db,read,1,user,0,none
2026-08-05 14:40:00,user_027,finance_db,read,5,user,0,none
2026-08-05 14:46:00,user_021,finance_db,read,8,user,0,none
2026-08-05 14:48:00,user_030,email_server,read,4,user,0,none
2026-08-05 14:48:00,user_021,customer_data,read,2,user,0,none
2026-08-05 14:49:00,user_029,admin_console,read,8,user,0,none
2026-08-05 14:57:00,user_029,hr_portal,read,5,user,0,none
2026-08-05 14:58:00,user_013,hr_portal,read,1,user,0,none
2026-08-05 15:01:00,user_022,hr_portal,read,9,user,0,none
2026-08-05 15:01:00,user_029,customer_data,read,9,user,0,none
2026-08-05 15:02:00,user_012,admin_console,read,7,user,0,none
2026-08-05 15:03:00,user_008,billing_system,read,8,user,0,none
2026-08-05 15:04:00,user_032,hr_portal,read,4,user,0,none
2026-08-05 15:04:00,user_004,hr_portal,read,6,user,0,none
2026-08-05 15:06:00,user_007,finance_db,read,4,user,0,none
2026-08-05 15:07:00,user_005,admin_console,read,1,user,0,none
2026-08-05 15:08:00,user_038,source_code_repo,read,7,user,0,none
2026-08-05 15:09:00,user_037,finance_db,read,5,user,0,none
2026-08-05 15:11:00,user_024,finance_db,read,9,user,0,none
2026-08-05 15:11:00,user_031,customer_data,read,7,user,0,none
2026-08-05 15:14:00,user_034,billing_system,read,1,user,0,none
2026-08-05 15:18:00,user_009,source_code_repo,read,4,user,0,none
2026-08-05 15:19:00,user_007,customer_data,read,3,user,0,none
2026-08-05 15:21:00,user_029,source_code_repo,read,1,user,0,none
2026-08-05 15:25:00,user_002,customer_data,read,6,user,0,none
2026-08-05 15:25:00,user_006,billing_system,read,2,user,0,none
2026-08-05 15:26:00,user_015,customer_data,read,1,user,0,none
2026-08-05 15:26:00,user_021,email_server,read,1,user,0,none
2026-08-05 15:27:00,user_024,email_server,read,8,user,0,none
2026-08-05 15:27:00,user_028,billing_system,read,6,user,0,none
2026-08-05 15:28:00,user_011,billing_system,read,2,user,0,none
2026-08-05 15:35:00,user_032,reports_db,read,3,user,0,none
2026-08-05 15:36:00,user_017,email_server,read,4,user,0,none
2026-08-05 15:36:00,user_011,hr_portal,read,4,user,0,none
2026-08-05 15:38:00,user_011,source_code_repo,read,5,user,0,none
2026-08-05 15:40:00,user_006,source_code_repo,read,4,user,0,none
2026-08-05 15:43:00,user_018,admin_console,read,6,user,0,none
2026-08-05 15:51:00,user_011,hr_portal,read,4,user,0,none
2026-08-05 15:52:00,user_036,customer_data,read,2,user,0,none
2026-08-05 15:56:00,user_029,finance_db,read,6,user,0,none
2026-08-05 15:57:00,user_035,email_server,read,6,user,0,none
2026-08-05 15:58:00,user_028,hr_portal,read,1,user,0,none
2026-08-05 16:00:00,user_030,email_server,read,6,user,0,none
2026-08-05 16:01:00,user_008,source_code_repo,read,6,user,0,none
2026-08-05 16:05:00,user_009,billing_system,read,3,user,0,none
2026-08-05 16:06:00,user_023,admin_console,read,2,user,0,none
2026-08-05 16:06:00,user_028,reports_db,read,6,user,0,none
2026-08-05 16:11:00,user_001,admin_console,read,4,user,0,none
2026-08-05 16:13:00,user_023,billing_system,read,8,user,0,none
2026-08-05 16:15:00,user_002,email_server,read,5,user,0,none
2026-08-05 16:16:00,user_004,reports_db,read,4,user,0,none
2026-08-05 16:18:00,user_024,email_server,read,1,user,0,none
2026-08-05 16:24:00,user_022,admin_console,read,5,user,0,none
2026-08-05 16:27:00,user_020,customer_data,read,6,user,0,none
2026-08-05 16:29:00,user_011,hr_portal,read,2,user,0,none
2026-08-05 16:32:00,user_018,hr_portal,read,2,user,0,none
2026-08-05 16:32:00,user_039,email_server,read,3,user,0,none
2026-08-05 16:33:00,user_022,customer_data,read,8,user,0,none
2026-08-05 16:34:00,user_032,reports_db,read,7,user,0,none
2026-08-05 16:34:00,user_032,email_server,read,4,user,0,none
2026-08-05 16:34:00,user_005,email_server,read,9,user,0,none
2026-08-05 16:34:00,user_022,email_server,read,1,user,0,none
2026-08-05 16:35:00,user_019,finance_db,read,3,user,0,none
2026-08-05 16:36:00,user_017,admin_console,read,7,user,0,none
2026-08-05 16:38:00,user_021,customer_data,read,8,user,0,none
2026-08-05 16:39:00,user_029,reports_db,read,1,user,0,none
2026-08-05 16:40:00,user_032,customer_data,read,1,user,0,none
2026-08-05 16:42:00,user_008,source_code_repo,read,2,user,0,none
2026-08-05 16:44:00,user_033,billing_system,read,1,user,0,none
2026-08-05 16:46:00,user_003,reports_db,read,4,user,0,none
2026-08-05 16:47:00,user_016,admin_console,read,2,user,0,none
2026-08-05 16:53:00,user_029,admin_console,read,3,user,0,none
2026-08-05 16:58:00,user_015,customer_data,read,4,user,0,none
2026-08-05 16:58:00,user_025,admin_console,read,9,user,0,none
2026-08-05 17:01:00,user_019,finance_db,read,8,user,0,none
2026-08-05 17:01:00,user_016,reports_db,read,4,user,0,none
2026-08-05 17:06:00,user_008,finance_db,read,9,user,0,none
2026-08-05 17:09:00,user_008,finance_db,read,1,user,0,none
2026-08-05 17:10:00,user_022,hr_portal,read,5,user,0,none
2026-08-05 17:10:00,user_030,source_code_repo,read,9,user,0,none
2026-08-05 17:13:00,user_039,email_server,read,8,user,0,none
2026-08-05 17:13:00,user_011,customer_data,read,5,user,0,none
2026-08-05 17:15:00,user_002,billing_system,read,7,user,0,none
2026-08-05 17:19:00,user_014,reports_db,read,6,user,0,none
2026-08-05 17:20:00,user_035,admin_console,read,6,user,0,none
2026-08-05 17:21:00,user_029,source_code_repo,read,7,user,0,none
2026-08-05 17:33:00,user_028,source_code_repo,read,5,user,0,none
2026-08-05 17:35:00,user_039,source_code_repo,read,9,user,0,none
2026-08-05 17:37:00,user_013,finance_db,read,6,user,0,none
2026-08-05 17:39:00,user_027,customer_data,read,6,user,0,none
2026-08-05 17:42:00,user_023,billing_system,read,8,user,0,none
2026-08-05 17:43:00,user_022,reports_db,read,9,user,0,none
2026-08-05 17:46:00,user_039,finance_db,read,6,user,0,none
2026-08-05 17:46:00,user_030,billing_system,read,3,user,0,none
2026-08-05 17:48:00,user_017,hr_portal,read,9,user,0,none
2026-08-05 17:51:00,user_018,admin_console,read,3,user,0,none
2026-08-05 17:58:00,user_021,billing_system,read,7,user,0,none
2026-08-06 09:03:00,user_036,admin_console,read,7,user,0,none
2026-08-06 09:03:00,user_012,customer_data,read,5,user,0,none
2026-08-06 09:04:00,user_007,hr_portal,read,2,user,0,none
2026-08-06 09:09:00,user_031,source_code_repo,read,1,user,0,none
2026-08-06 09:09:00,user_032,billing_system,read,6,user,0,none
2026-08-06 09:12:00,user_029,source_code_repo,read,8,user,0,none
2026-08-06 09:17:00,user_009,billing_system,read,4,user,0,none
2026-08-06 09:18:00,user_006,email_server,read,5,user,0,none
2026-08-06 09:19:00,user_012,billing_system,read,6,user,0,none
2026-08-06 09:20:00,user_016,finance_db,read,4,user,0,none
2026-08-06 09:22:00,user_020,hr_portal,read,1,user,0,none
2026-08-06 09:23:00,user_028,email_server,read,1,user,0,none
2026-08-06 09:26:00,user_028,reports_db,read,3,user,0,none
2026-08-06 09:26:00,user_025,email_server,read,7,user,0,none
2026-08-06 09:26:00,user_022,reports_db,read,4,user,0,none
2026-08-06 09:31:00,user_013,customer_data,read,7,user,0,none
2026-08-06 09:32:00,user_039,customer_data,read,6,user,0,none
2026-08-06 09:35:00,user_039,email_server,read,9,user,0,none
2026-08-06 09:39:00,user_031,admin_console,read,4,user,0,none
2026-08-06 09:39:00,user_003,email_server,read,1,user,0,none
2026-08-06 09:41:00,user_034,email_server,read,4,user,0,none
2026-08-06 09:47:00,user_014,admin_console,read,6,user,0,none
2026-08-06 09:47:00,user_021,source_code_repo,read,4,user,0,none
2026-08-06 09:48:00,user_027,email_server,read,5,user,0,none
2026-08-06 09:50:00,user_031,email_server,read,9,user,0,none
2026-08-06 09:54:00,user_031,hr_portal,read,1,user,0,none
2026-08-06 09:55:00,user_033,source_code_repo,read,5,user,0,none
2026-08-06 09:56:00,user_030,source_code_repo,read,1,user,0,none
2026-08-06 09:58:00,user_016,reports_db,read,9,user,0,none
2026-08-06 10:07:00,user_011,customer_data,read,7,user,0,none
2026-08-06 10:09:00,user_006,email_server,read,8,user,0,none
2026-08-06 10:09:00,user_027,admin_console,read,3,user,0,none
2026-08-06 10:13:00,user_020,finance_db,read,4,user,0,none
2026-08-06 10:16:00,user_029,hr_portal,read,9,user,0,none
2026-08-06 10:17:00,user_004,admin_console,read,1,user,0,none
2026-08-06 10:18:00,user_021,finance_db,read,8,user,0,none
2026-08-06 10:20:00,user_015,finance_db,read,8,user,0,none
2026-08-06 10:21:00,user_035,customer_data,read,2,user,0,none
2026-08-06 10:21:00,user_024,reports_db,read,9,user,0,none
2026-08-06 10:22:00,user_001,billing_system,read,9,user,0,none
2026-08-06 10:23:00,user_021,source_code_repo,read,5,user,0,none
2026-08-06 10:24:00,user_031,admin_console,read,4,user,0,none
2026-08-06 10:24:00,user_023,billing_system,read,6,user,0,none
2026-08-06 10:25:00,user_002,billing_system,read,7,user,0,none
2026-08-06 10:26:00,user_005,source_code_repo,read,3,user,0,none
2026-08-06 10:27:00,user_001,admin_console,read,5,user,0,none
2026-08-06 10:31:00,user_030,source_code_repo,read,1,user,0,none
2026-08-06 10:31:00,user_017,hr_portal,read,2,user,0,none
2026-08-06 10:33:00,user_002,customer_data,read,6,user,0,none
2026-08-06 10:35:00,user_040,customer_data,read,1,user,0,none
2026-08-06 10:36:00,user_039,email_server,read,1,user,0,none
2026-08-06 10:37:00,user_037,admin_console,read,3,user,0,none
2026-08-06 10:38:00,user_038,finance_db,read,5,user,0,none
2026-08-06 10:41:00,user_010,admin_console,read,3,user,0,none
2026-08-06 10:43:00,user_030,admin_console,read,7,user,0,none
2026-08-06 10:44:00,user_024,reports_db,read,1,user,0,none
2026-08-06 10:46:00,user_008,reports_db,read,9,user,0,none
2026-08-06 10:46:00,user_005,email_server,read,2,user,0,none
2026-08-06 10:46:00,user_015,source_code_repo,read,8,user,0,none
2026-08-06 10:46:00,user_022,finance_db,read,5,user,0,none
2026-08-06 10:49:00,user_023,finance_db,read,5,user,0,none
2026-08-06 10:50:00,user_034,billing_system,read,8,user,0,none
2026-08-06 10:56:00,user_029,finance_db,read,3,user,0,none
2026-08-06 10:58:00,user_028,reports_db,read,2,user,0,none
2026-08-06 10:58:00,user_016,customer_data,read,3,user,0,none
2026-08-06 11:07:00,user_002,admin_console,read,7,user,0,none
2026-08-06 11:07:00,user_027,source_code_repo,read,5,user,0,none
2026-08-06 11:09:00,user_024,hr_portal,read,9,user,0,none
2026-08-06 11:11:00,user_028,billing_system,read,4,user,0,none
2026-08-06 11:14:00,user_023,hr_portal,read,8,user,0,none
2026-08-06 11:19:00,user_016,hr_portal,read,9,user,0,none
2026-08-06 11:19:00,user_026,reports_db,read,3,user,0,none
2026-08-06 11:22:00,user_039,email_server,read,2,user,0,none
2026-08-06 11:23:00,user_033,hr_portal,read,2,user,0,none
2026-08-06 11:23:00,user_033,source_code_repo,read,5,user,0,none
2026-08-06 11:29:00,user_002,reports_db,read,8,user,0,none
2026-08-06 11:30:00,user_022,hr_portal,read,7,user,0,none
2026-08-06 11:39:00,user_016,admin_console,read,7,user,0,none
2026-08-06 11:43:00,user_016,finance_db,read,6,user,0,none
2026-08-06 11:44:00,user_023,billing_system,read,9,user,0,none
2026-08-06 11:45:00,user_023,hr_portal,read,2,user,0,none
2026-08-06 11:45:00,user_011,finance_db,read,2,user,0,none
2026-08-06 11:46:00,user_018,customer_data,read,3,user,0,none
2026-08-06 11:46:00,user_008,email_server,read,8,user,0,none
2026-08-06 11:47:00,user_037,admin_console,read,1,user,0,none
2026-08-06 11:48:00,user_020,customer_data,read,1,user,0,none
2026-08-06 11:56:00,user_033,admin_console,read,3,user,0,none
2026-08-06 11:57:00,user_013,finance_db,read,2,user,0,none
2026-08-06 11:58:00,user_022,customer_data,read,5,user,0,none
2026-08-06 12:03:00,user_011,billing_system,read,3,user,0,none
2026-08-06 12:05:00,user_002,email_server,read,9,user,0,none
2026-08-06 12:05:00,user_019,email_server,read,3,user,0,none
2026-08-06 12:06:00,user_019,hr_portal,read,8,user,0,none
2026-08-06 12:11:00,user_019,email_server,read,9,user,0,none
2026-08-06 12:12:00,user_008,finance_db,read,5,user,0,none
2026-08-06 12:14:00,user_028,finance_db,read,6,user,0,none
2026-08-06 12:16:00,user_021,billing_system,read,9,user,0,none
2026-08-06 12:17:00,user_037,hr_portal,read,3,user,0,none
2026-08-06 12:18:00,user_023,hr_portal,read,5,user,0,none
2026-08-06 12:18:00,user_024,hr_portal,read,5,user,0,none
2026-08-06 12:21:00,user_025,billing_system,read,7,user,0,none
2026-08-06 12:30:00,user_032,email_server,read,5,user,0,none
2026-08-06 12:31:00,user_008,source_code_repo,read,8,user,0,none
2026-08-06 12:33:00,user_017,hr_portal,read,5,user,0,none
2026-08-06 12:36:00,user_032,finance_db,read,7,user,0,none
2026-08-06 12:36:00,user_032,hr_portal,read,1,user,0,none
2026-08-06 12:37:00,user_029,customer_data,read,8,user,0,none
2026-08-06 12:38:00,user_009,email_server,read,1,user,0,none
2026-08-06 12:42:00,user_014,reports_db,read,9,user,0,none
2026-08-06 12:47:00,user_012,customer_data,read,1,user,0,none
2026-08-06 12:49:00,user_035,hr_portal,read,8,user,0,none
2026-08-06 12:51:00,user_038,email_server,read,7,user,0,none
2026-08-06 12:52:00,user_030,email_server,read,8,user,0,none
2026-08-06 12:55:00,user_033,reports_db,read,3,user,0,none
2026-08-06 12:58:00,user_024,source_code_repo,read,2,user,0,none
2026-08-06 13:00:00,user_014,reports_db,read,2,user,0,none
2026-08-06 13:03:00,user_012,customer_data,read,7,user,0,none
2026-08-06 13:04:00,user_003,finance_db,read,2,user,0,none
2026-08-06 13:05:00,user_023,reports_db,read,9,user,0,none
2026-08-06 13:06:00,user_040,source_code_repo,read,1,user,0,none
2026-08-06 13:06:00,user_012,billing_system,read,6,user,0,none
2026-08-06 13:07:00,user_039,email_server,read,3,user,0,none
2026-08-06 13:07:00,user_020,hr_portal,read,6,user,0,none
2026-08-06 13:09:00,user_007,reports_db,read,8,user,0,none
2026-08-06 13:10:00,user_020,customer_data,read,8,user,0,none
2026-08-06 13:13:00,user_011,reports_db,read,1,user,0,none
2026-08-06 13:15:00,user_022,finance_db,read,6,user,0,none
2026-08-06 13:17:00,user_015,billing_system,read,3,user,0,none
2026-08-06 13:19:00,user_039,email_server,read,2,user,0,none
2026-08-06 13:20:00,user_019,source_code_repo,read,4,user,0,none
2026-08-06 13:21:00,user_028,finance_db,read,8,user,0,none
2026-08-06 13:25:00,user_021,billing_system,read,4,user,0,none
2026-08-06 13:31:00,user_020,reports_db,read,7,user,0,none
2026-08-06 13:34:00,user_011,reports_db,read,4,user,0,none
2026-08-06 13:37:00,user_002,email_server,read,8,user,0,none
2026-08-06 13:37:00,user_004,customer_data,read,7,user,0,none
2026-08-06 13:44:00,user_039,hr_portal,read,1,user,0,none
2026-08-06 13:45:00,user_030,email_server,read,2,user,0,none
2026-08-06 13:48:00,user_018,billing_system,read,5,user,0,none
2026-08-06 13:50:00,user_004,billing_system,read,7,user,0,none
2026-08-06 13:51:00,user_008,source_code_repo,read,4,user,0,none
2026-08-06 13:52:00,user_004,admin_console,read,7,user,0,none
2026-08-06 13:56:00,user_026,billing_system,read,7,user,0,none
2026-08-06 13:57:00,user_040,hr_portal,read,9,user,0,none
2026-08-06 13:58:00,user_010,reports_db,read,8,user,0,none
2026-08-06 13:58:00,user_021,customer_data,read,8,user,0,none
2026-08-06 14:02:00,user_002,reports_db,read,3,user,0,none
2026-08-06 14:02:00,user_011,reports_db,read,5,user,0,none
2026-08-06 14:03:00,user_008,billing_system,read,1,user,0,none
2026-08-06 14:03:00,user_020,source_code_repo,read,8,user,0,none
2026-08-06 14:07:00,user_030,customer_data,read,9,user,0,none
2026-08-06 14:09:00,user_038,finance_db,read,4,user,0,none
2026-08-06 14:10:00,user_012,customer_data,read,4,user,0,none
2026-08-06 14:15:00,user_031,billing_system,read,8,user,0,none
2026-08-06 14:17:00,user_032,email_server,read,1,user,0,none
2026-08-06 14:19:00,user_011,hr_portal,read,1,user,0,none
2026-08-06 14:20:00,user_006,hr_portal,read,6,user,0,none
2026-08-06 14:21:00,user_028,reports_db,read,9,user,0,none
2026-08-06 14:23:00,user_022,finance_db,read,3,user,0,none
2026-08-06 14:23:00,user_015,source_code_repo,read,9,user,0,none
2026-08-06 14:23:00,user_009,admin_console,read,1,user,0,none
2026-08-06 14:25:00,user_024,source_code_repo,read,7,user,0,none
2026-08-06 14:27:00,user_040,finance_db,read,3,user,0,none
2026-08-06 14:35:00,user_013,customer_data,read,1,user,0,none
2026-08-06 14:39:00,user_020,customer_data,read,8,user,0,none
2026-08-06 14:41:00,user_030,hr_portal,read,8,user,0,none
2026-08-06 14:41:00,user_023,reports_db,read,1,user,0,none
2026-08-06 14:42:00,user_038,billing_system,read,7,user,0,none
2026-08-06 14:45:00,user_018,hr_portal,read,3,user,0,none
2026-08-06 14:45:00,user_011,email_server,read,6,user,0,none
2026-08-06 14:46:00,user_022,admin_console,read,3,user,0,none
2026-08-06 14:50:00,user_003,hr_portal,read,4,user,0,none
2026-08-06 14:51:00,user_001,billing_system,read,4,user,0,none
2026-08-06 14:52:00,user_034,hr_portal,read,5,user,0,none
2026-08-06 14:52:00,user_036,admin_console,read,9,user,0,none
2026-08-06 14:53:00,user_014,email_server,read,9,user,0,none
2026-08-06 15:00:00,user_037,reports_db,read,8,user,0,none
2026-08-06 15:09:00,user_006,email_server,read,3,user,0,none
2026-08-06 15:13:00,user_026,customer_data,read,2,user,0,none
2026-08-06 15:14:00,user_022,hr_portal,read,2,user,0,none
2026-08-06 15:17:00,user_002,email_server,read,3,user,0,none
2026-08-06 15:20:00,user_015,source_code_repo,read,3,user,0,none
2026-08-06 15:23:00,user_025,email_server,read,7,user,0,none
2026-08-06 15:25:00,user_026,billing_system,read,5,user,0,none
2026-08-06 15:27:00,user_011,admin_console,read,8,user,0,none
2026-08-06 15:29:00,user_009,source_code_repo,read,4,user,0,none
2026-08-06 15:33:00,user_039,email_server,read,6,user,0,none
2026-08-06 15:36:00,user_022,billing_system,read,7,user,0,none
2026-08-06 15:39:00,user_034,hr_portal,read,2,user,0,none
2026-08-06 15:40:00,user_009,admin_console,read,6,user,0,none
2026-08-06 15:40:00,user_033,email_server,read,6,user,0,none
2026-08-06 15:45:00,user_007,email_server,read,3,user,0,none
2026-08-06 15:47:00,user_035,finance_db,read,9,user,0,none
2026-08-06 15:47:00,user_010,finance_db,read,7,user,0,none
2026-08-06 15:48:00,user_028,hr_portal,read,6,user,0,none
2026-08-06 15:49:00,user_005,billing_system,read,4,user,0,none
2026-08-06 15:51:00,user_019,reports_db,read,6,user,0,none
2026-08-06 15:52:00,user_018,admin_console,read,9,user,0,none
2026-08-06 15:54:00,user_009,reports_db,read,7,user,0,none
2026-08-06 15:54:00,user_017,customer_data,read,2,user,0,none
2026-08-06 15:56:00,user_002,customer_data,read,9,user,0,none
2026-08-06 15:56:00,user_002,billing_system,read,2,user,0,none
2026-08-06 15:57:00,user_008,reports_db,read,9,user,0,none
2026-08-06 15:57:00,user_016,finance_db,read,2,user,0,none
2026-08-06 16:00:00,user_037,email_server,read,9,user,0,none
2026-08-06 16:04:00,user_001,billing_system,read,6,user,0,none
2026-08-06 16:08:00,user_017,reports_db,read,7,user,0,none
2026-08-06 16:10:00,user_028,finance_db,read,8,user,0,none
2026-08-06 16:16:00,user_034,finance_db,read,5,user,0,none
2026-08-06 16:20:00,user_031,customer_data,read,2,user,0,none
2026-08-06 16:20:00,user_030,admin_console,read,1,user,0,none
2026-08-06 16:20:00,user_034,customer_data,read,9,user,0,none
2026-08-06 16:26:00,user_028,finance_db,read,3,user,0,none
2026-08-06 16:28:00,user_016,email_server,read,5,user,0,none
2026-08-06 16:30:00,user_033,email_server,read,4,user,0,none
2026-08-06 16:30:00,user_009,finance_db,read,7,user,0,none
2026-08-06 16:35:00,user_029,finance_db,read,7,user,0,none
2026-08-06 16:37:00,user_016,reports_db,read,8,user,0,none
2026-08-06 16:37:00,user_033,admin_console,read,9,user,0,none
2026-08-06 16:39:00,user_023,hr_portal,read,1,user,0,none
2026-08-06 16:39:00,user_019,admin_console,read,4,user,0,none
2026-08-06 16:39:00,user_027,source_code_repo,read,8,user,0,none
2026-08-06 16:39:00,user_034,source_code_repo,read,4,user,0,none
2026-08-06 16:41:00,user_009,hr_portal,read,3,user,0,none
2026-08-06 16:43:00,user_019,email_server,read,8,user,0,none
2026-08-06 16:46:00,user_030,finance_db,read,5,user,0,none
2026-08-06 16:50:00,user_011,finance_db,read,6,user,0,none
2026-08-06 16:51:00,user_006,finance_db,read,9,user,0,none
2026-08-06 16:53:00,user_030,admin_console,read,8,user,0,none
2026-08-06 16:54:00,user_031,finance_db,read,3,user,0,none
2026-08-06 16:57:00,user_036,email_server,read,4,user,0,none
2026-08-06 16:57:00,user_038,admin_console,read,5,user,0,none
2026-08-06 17:00:00,user_008,reports_db,read,1,user,0,none
2026-08-06 17:02:00,user_031,customer_data,read,1,user,0,none
2026-08-06 17:05:00,user_025,finance_db,read,2,user,0,none
2026-08-06 17:08:00,user_016,email_server,read,4,user,0,none
2026-08-06 17:08:00,user_021,admin_console,read,9,user,0,none
2026-08-06 17:09:00,user_015,reports_db,read,1,user,0,none
2026-08-06 17:10:00,user_028,source_code_repo,read,5,user,0,none
2026-08-06 17:13:00,user_009,customer_data,read,6,user,0,none
2026-08-06 17:13:00,user_009,source_code_repo,read,3,user,0,none
2026-08-06 17:16:00,user_015,hr_portal,read,7,user,0,none
2026-08-06 17:17:00,user_035,customer_data,read,1,user,0,none
2026-08-06 17:19:00,user_013,billing_system,read,3,user,0,none
2026-08-06 17:22:00,user_008,hr_portal,read,3,user,0,none
2026-08-06 17:24:00,user_029,finance_db,read,6,user,0,none
2026-08-06 17:24:00,user_031,reports_db,read,3,user,0,none
2026-08-06 17:29:00,user_024,hr_portal,read,1,user,0,none
2026-08-06 17:30:00,user_005,source_code_repo,read,1,user,0,none
2026-08-06 17:30:00,user_007,source_code_repo,read,2,user,0,none
2026-08-06 17:31:00,user_026,reports_db,read,6,user,0,none
2026-08-06 17:34:00,user_008,finance_db,read,6,user,0,none
2026-08-06 17:39:00,user_010,source_code_repo,read,3,user,0,none
2026-08-06 17:42:00,user_005,source_code_repo,read,2,user,0,none
2026-08-06 17:43:00,user_021,finance_db,read,2,user,0,none
2026-08-06 17:46:00,user_017,customer_data,read,9,user,0,none
2026-08-06 17:49:00,user_021,source_code_repo,read,9,user,0,none
2026-08-06 17:51:00,user_033,admin_console,read,7,user,0,none
2026-08-06 17:52:00,user_026,hr_portal,read,3,user,0,none
2026-08-06 17:52:00,user_034,customer_data,read,4,user,0,none
2026-08-06 17:56:00,user_029,reports_db,read,9,user,0,none
2026-08-07 02:23:00,user_029,admin_console,privilege_escalation,0,admin,1,privilege_escalation
2026-08-07 02:24:00,user_029,source_code_repo,download,217,admin,1,data_exfiltration
2026-08-07 09:00:00,user_003,admin_console,read,9,user,0,none
2026-08-07 09:01:00,user_025,hr_portal,read,4,user,0,none
2026-08-07 09:01:00,user_030,billing_system,read,1,user,0,none
2026-08-07 09:03:00,user_001,admin_console,read,9,user,0,none
2026-08-07 09:03:00,user_020,reports_db,read,7,user,0,none
2026-08-07 09:03:00,user_004,customer_data,read,3,user,0,none
2026-08-07 09:04:00,user_012,reports_db,read,1,user,0,none
2026-08-07 09:08:00,user_032,hr_portal,read,3,user,0,none
2026-08-07 09:09:00,user_024,email_server,read,4,user,0,none
2026-08-07 09:10:00,user_018,reports_db,read,5,user,0,none
2026-08-07 09:13:00,user_012,finance_db,read,4,user,0,none
2026-08-07 09:17:00,user_020,finance_db,read,9,user,0,none
2026-08-07 09:19:00,user_026,customer_data,read,9,user,0,none
2026-08-07 09:20:00,user_031,source_code_repo,read,7,user,0,none
2026-08-07 09:21:00,user_030,source_code_repo,read,5,user,0,none
2026-08-07 09:24:00,user_009,email_server,read,6,user,0,none
2026-08-07 09:25:00,user_019,source_code_repo,read,8,user,0,none
2026-08-07 09:25:00,user_039,billing_system,read,9,user,0,none
2026-08-07 09:26:00,user_011,email_server,read,6,user,0,none
2026-08-07 09:27:00,user_025,admin_console,read,6,user,0,none
2026-08-07 09:28:00,user_010,billing_system,read,8,user,0,none
2026-08-07 09:29:00,user_025,source_code_repo,read,5,user,0,none
2026-08-07 09:29:00,user_029,billing_system,read,5,user,0,none
2026-08-07 09:33:00,user_028,reports_db,read,6,user,0,none
2026-08-07 09:34:00,user_038,admin_console,read,3,user,0,none
2026-08-07 09:37:00,user_039,finance_db,read,4,user,0,none
2026-08-07 09:37:00,user_019,hr_portal,read,9,user,0,none
2026-08-07 09:37:00,user_009,admin_console,read,8,user,0,none
2026-08-07 09:38:00,user_037,hr_portal,read,6,user,0,none
2026-08-07 09:42:00,user_025,admin_console,read,8,user,0,none
2026-08-07 09:44:00,user_016,admin_console,read,1,user,0,none
2026-08-07 09:46:00,user_028,finance_db,read,5,user,0,none
2026-08-07 09:47:00,user_022,customer_data,read,8,user,0,none
2026-08-07 09:48:00,user_027,hr_portal,read,7,user,0,none
2026-08-07 09:49:00,user_018,customer_data,read,5,user,0,none
2026-08-07 09:49:00,user_032,hr_portal,read,6,user,0,none
2026-08-07 09:50:00,user_019,finance_db,read,4,user,0,none
2026-08-07 09:52:00,user_029,hr_portal,read,9,user,0,none
2026-08-07 09:53:00,user_009,email_server,read,3,user,0,none
2026-08-07 09:54:00,user_006,finance_db,read,1,user,0,none
2026-08-07 09:54:00,user_019,email_server,read,8,user,0,none
2026-08-07 09:55:00,user_003,source_code_repo,read,5,user,0,none
2026-08-07 09:56:00,user_032,customer_data,read,6,user,0,none
2026-08-07 09:57:00,user_038,reports_db,read,7,user,0,none
2026-08-07 10:00:00,user_039,hr_portal,read,4,user,0,none
2026-08-07 10:00:00,user_001,source_code_repo,read,8,user,0,none
2026-08-07 10:01:00,user_030,admin_console,read,3,user,0,none
2026-08-07 10:01:00,user_028,reports_db,read,7,user,0,none
2026-08-07 10:02:00,user_017,reports_db,read,7,user,0,none
2026-08-07 10:04:00,user_033,hr_portal,read,5,user,0,none
2026-08-07 10:04:00,user_029,source_code_repo,read,8,user,0,none
2026-08-07 10:06:00,user_027,billing_system,read,2,user,0,none
2026-08-07 10:07:00,user_007,finance_db,read,6,user,0,none
2026-08-07 10:13:00,user_027,customer_data,read,8,user,0,none
2026-08-07 10:13:00,user_010,reports_db,read,4,user,0,none
2026-08-07 10:15:00,user_031,hr_portal,read,2,user,0,none
2026-08-07 10:16:00,user_035,admin_console,read,8,user,0,none
2026-08-07 10:16:00,user_007,customer_data,read,1,user,0,none
2026-08-07 10:17:00,user_004,hr_portal,read,4,user,0,none
2026-08-07 10:17:00,user_036,billing_system,read,3,user,0,none
2026-08-07 10:23:00,user_012,admin_console,read,6,user,0,none
2026-08-07 10:29:00,user_006,admin_console,read,9,user,0,none
2026-08-07 10:34:00,user_033,billing_system,read,3,user,0,none
2026-08-07 10:34:00,user_035,hr_portal,read,8,user,0,none
2026-08-07 10:35:00,user_031,source_code_repo,read,3,user,0,none
2026-08-07 10:36:00,user_031,email_server,read,5,user,0,none
2026-08-07 10:36:00,user_035,email_server,read,9,user,0,none
2026-08-07 10:39:00,user_023,customer_data,read,8,user,0,none
2026-08-07 10:40:00,user_006,finance_db,read,7,user,0,none
2026-08-07 10:42:00,user_036,billing_system,read,2,user,0,none
2026-08-07 10:43:00,user_011,source_code_repo,read,7,user,0,none
2026-08-07 10:45:00,user_005,reports_db,read,1,user,0,none
2026-08-07 10:45:00,user_040,hr_portal,read,7,user,0,none
2026-08-07 10:48:00,user_023,email_server,read,7,user,0,none
2026-08-07 10:51:00,user_017,customer_data,read,2,user,0,none
2026-08-07 10:57:00,user_020,billing_system,read,5,user,0,none
2026-08-07 11:05:00,user_026,admin_console,read,9,user,0,none
2026-08-07 11:05:00,user_038,admin_console,read,8,user,0,none
2026-08-07 11:06:00,user_027,source_code_repo,read,9,user,0,none
2026-08-07 11:10:00,user_034,source_code_repo,read,7,user,0,none
2026-08-07 11:15:00,user_015,finance_db,read,4,user,0,none
2026-08-07 11:16:00,user_002,admin_console,read,6,user,0,none
2026-08-07 11:18:00,user_026,hr_portal,read,7,user,0,none
2026-08-07 11:18:00,user_030,billing_system,read,3,user,0,none
2026-08-07 11:19:00,user_035,hr_portal,read,5,user,0,none
2026-08-07 11:21:00,user_040,finance_db,read,5,user,0,none
2026-08-07 11:23:00,user_033,finance_db,read,5,user,0,none
2026-08-07 11:23:00,user_012,reports_db,read,1,user,0,none
2026-08-07 11:23:00,user_039,reports_db,read,2,user,0,none
2026-08-07 11:24:00,user_017,hr_portal,read,9,user,0,none
2026-08-07 11:26:00,user_031,customer_data,read,9,user,0,none
2026-08-07 11:27:00,user_020,finance_db,read,5,user,0,none
2026-08-07 11:29:00,user_029,billing_system,read,4,user,0,none
2026-08-07 11:30:00,user_007,email_server,read,7,user,0,none
2026-08-07 11:30:00,user_024,billing_system,read,7,user,0,none
2026-08-07 11:31:00,user_034,hr_portal,read,7,user,0,none
2026-08-07 11:33:00,user_008,hr_portal,read,1,user,0,none
2026-08-07 11:33:00,user_017,finance_db,read,9,user,0,none
2026-08-07 11:35:00,user_019,source_code_repo,read,8,user,0,none
2026-08-07 11:36:00,user_025,customer_data,read,8,user,0,none
2026-08-07 11:44:00,user_037,source_code_repo,read,6,user,0,none
2026-08-07 11:46:00,user_012,finance_db,read,2,user,0,none
2026-08-07 11:50:00,user_032,customer_data,read,4,user,0,none
2026-08-07 11:50:00,user_025,reports_db,read,5,user,0,none
2026-08-07 11:51:00,user_033,hr_portal,read,1,user,0,none
2026-08-07 11:52:00,user_025,admin_console,read,2,user,0,none
2026-08-07 11:53:00,user_008,admin_console,read,4,user,0,none
2026-08-07 11:58:00,user_027,hr_portal,read,7,user,0,none
2026-08-07 12:03:00,user_037,billing_system,read,2,user,0,none
2026-08-07 12:03:00,user_005,hr_portal,read,3,user,0,none
2026-08-07 12:08:00,user_007,customer_data,read,5,user,0,none
2026-08-07 12:10:00,user_028,finance_db,read,5,user,0,none
2026-08-07 12:11:00,user_006,email_server,read,1,user,0,none
2026-08-07 12:20:00,user_007,source_code_repo,read,1,user,0,none
2026-08-07 12:20:00,user_013,admin_console,read,8,user,0,none
2026-08-07 12:21:00,user_019,email_server,read,1,user,0,none
2026-08-07 12:24:00,user_005,email_server,read,2,user,0,none
2026-08-07 12:27:00,user_027,finance_db,read,5,user,0,none
2026-08-07 12:31:00,user_023,billing_system,read,9,user,0,none
2026-08-07 12:34:00,user_023,email_server,read,6,user,0,none
2026-08-07 12:34:00,user_006,customer_data,read,8,user,0,none
2026-08-07 12:36:00,user_033,billing_system,read,2,user,0,none
2026-08-07 12:36:00,user_027,billing_system,read,5,user,0,none
2026-08-07 12:40:00,user_031,customer_data,read,4,user,0,none
2026-08-07 12:41:00,user_026,hr_portal,read,6,user,0,none
2026-08-07 12:41:00,user_038,source_code_repo,read,7,user,0,none
2026-08-07 12:46:00,user_014,email_server,read,9,user,0,none
2026-08-07 12:50:00,user_016,admin_console,read,4,user,0,none
2026-08-07 12:55:00,user_015,customer_data,read,2,user,0,none
2026-08-07 12:57:00,user_019,reports_db,read,6,user,0,none
2026-08-07 12:57:00,user_022,email_server,read,5,user,0,none
2026-08-07 13:01:00,user_005,source_code_repo,read,9,user,0,none
2026-08-07 13:02:00,user_037,billing_system,read,2,user,0,none
2026-08-07 13:03:00,user_015,source_code_repo,read,9,user,0,none
2026-08-07 13:03:00,user_024,hr_portal,read,7,user,0,none
2026-08-07 13:07:00,user_003,reports_db,read,8,user,0,none
2026-08-07 13:07:00,user_009,finance_db,read,7,user,0,none
2026-08-07 13:10:00,user_008,admin_console,read,1,user,0,none
2026-08-07 13:10:00,user_027,source_code_repo,read,7,user,0,none
2026-08-07 13:11:00,user_015,admin_console,read,1,user,0,none
2026-08-07 13:13:00,user_026,reports_db,read,2,user,0,none
2026-08-07 13:14:00,user_036,admin_console,read,8,user,0,none
2026-08-07 13:19:00,user_003,reports_db,read,6,user,0,none
2026-08-07 13:22:00,user_019,admin_console,read,5,user,0,none
2026-08-07 13:22:00,user_008,customer_data,read,7,user,0,none
2026-08-07 13:27:00,user_021,billing_system,read,6,user,0,none
2026-08-07 13:28:00,user_020,hr_portal,read,8,user,0,none
2026-08-07 13:29:00,user_037,reports_db,read,8,user,0,none
2026-08-07 13:31:00,user_021,hr_portal,read,3,user,0,none
2026-08-07 13:35:00,user_021,email_server,read,3,user,0,none
2026-08-07 13:35:00,user_031,billing_system,read,9,user,0,none
2026-08-07 13:35:00,user_019,reports_db,read,6,user,0,none
2026-08-07 13:39:00,user_034,email_server,read,6,user,0,none
2026-08-07 13:43:00,user_040,customer_data,read,6,user,0,none
2026-08-07 13:43:00,user_009,email_server,read,4,user,0,none
2026-08-07 13:51:00,user_027,finance_db,read,1,user,0,none
2026-08-07 13:51:00,user_036,hr_portal,read,5,user,0,none
2026-08-07 13:55:00,user_004,customer_data,read,7,user,0,none
2026-08-07 14:02:00,user_006,billing_system,read,6,user,0,none
2026-08-07 14:04:00,user_017,finance_db,read,4,user,0,none
2026-08-07 14:07:00,user_018,email_server,read,1,user,0,none
2026-08-07 14:09:00,user_012,email_server,read,3,user,0,none
2026-08-07 14:10:00,user_038,customer_data,read,9,user,0,none
2026-08-07 14:11:00,user_035,admin_console,read,7,user,0,none
2026-08-07 14:11:00,user_035,reports_db,read,2,user,0,none
2026-08-07 14:15:00,user_037,billing_system,read,8,user,0,none
2026-08-07 14:15:00,user_006,email_server,read,8,user,0,none
2026-08-07 14:20:00,user_007,email_server,read,7,user,0,none
2026-08-07 14:23:00,user_014,reports_db,read,9,user,0,none
2026-08-07 14:26:00,user_002,hr_portal,read,7,user,0,none
2026-08-07 14:27:00,user_030,finance_db,read,8,user,0,none
2026-08-07 14:34:00,user_023,finance_db,read,6,user,0,none
2026-08-07 14:38:00,user_032,source_code_repo,read,9,user,0,none
2026-08-07 14:40:00,user_025,admin_console,read,1,user,0,none
2026-08-07 14:45:00,user_032,customer_data,read,4,user,0,none
2026-08-07 14:45:00,user_035,admin_console,read,6,user,0,none
2026-08-07 14:47:00,user_034,customer_data,read,3,user,0,none
2026-08-07 14:50:00,user_011,finance_db,read,1,user,0,none
2026-08-07 14:51:00,user_036,billing_system,read,2,user,0,none
2026-08-07 14:52:00,user_006,billing_system,read,1,user,0,none
2026-08-07 14:55:00,user_021,admin_console,read,8,user,0,none
2026-08-07 14:56:00,user_020,hr_portal,read,4,user,0,none
2026-08-07 15:00:00,user_001,customer_data,read,4,user,0,none
2026-08-07 15:01:00,user_005,email_server,read,4,user,0,none
2026-08-07 15:05:00,user_016,hr_portal,read,7,user,0,none
2026-08-07 15:07:00,user_039,email_server,read,3,user,0,none
2026-08-07 15:09:00,user_013,finance_db,read,8,user,0,none
2026-08-07 15:11:00,user_013,finance_db,read,6,user,0,none
2026-08-07 15:14:00,user_020,email_server,read,6,user,0,none
2026-08-07 15:15:00,user_001,admin_console,read,9,user,0,none
2026-08-07 15:19:00,user_030,source_code_repo,read,3,user,0,none
2026-08-07 15:20:00,user_029,reports_db,read,2,user,0,none
2026-08-07 15:22:00,user_032,billing_system,read,7,user,0,none
2026-08-07 15:23:00,user_032,billing_system,read,6,user,0,none
2026-08-07 15:24:00,user_030,finance_db,read,2,user,0,none
2026-08-07 15:29:00,user_028,email_server,read,6,user,0,none
2026-08-07 15:34:00,user_027,customer_data,read,4,user,0,none
2026-08-07 15:36:00,user_015,customer_data,read,1,user,0,none
2026-08-07 15:37:00,user_039,billing_system,read,9,user,0,none
2026-08-07 15:38:00,user_034,source_code_repo,read,6,user,0,none
2026-08-07 15:44:00,user_030,reports_db,read,7,user,0,none
2026-08-07 15:44:00,user_025,admin_console,read,5,user,0,none
2026-08-07 15:44:00,user_001,email_server,read,2,user,0,none
2026-08-07 15:45:00,user_024,billing_system,read,4,user,0,none
2026-08-07 15:47:00,user_010,billing_system,read,8,user,0,none
2026-08-07 15:48:00,user_039,email_server,read,9,user,0,none
2026-08-07 15:49:00,user_008,finance_db,read,2,user,0,none
2026-08-07 15:50:00,user_023,email_server,read,8,user,0,none
2026-08-07 15:53:00,user_015,source_code_repo,read,5,user,0,none
2026-08-07 15:53:00,user_002,email_server,read,8,user,0,none
2026-08-07 15:54:00,user_036,customer_data,read,2,user,0,none
2026-08-07 15:55:00,user_035,source_code_repo,read,7,user,0,none
2026-08-07 15:55:00,user_039,source_code_repo,read,9,user,0,none
2026-08-07 16:01:00,user_038,billing_system,read,6,user,0,none
2026-08-07 16:03:00,user_001,admin_console,read,9,user,0,none
2026-08-07 16:04:00,user_038,reports_db,read,6,user,0,none
2026-08-07 16:06:00,user_014,source_code_repo,read,8,user,0,none
2026-08-07 16:07:00,user_021,email_server,read,9,user,0,none
2026-08-07 16:08:00,user_028,admin_console,read,7,user,0,none
2026-08-07 16:10:00,user_005,admin_console,read,5,user,0,none
2026-08-07 16:11:00,user_023,source_code_repo,read,9,user,0,none
2026-08-07 16:16:00,user_038,source_code_repo,read,1,user,0,none
2026-08-07 16:16:00,user_038,hr_portal,read,6,user,0,none
2026-08-07 16:20:00,user_009,admin_console,read,1,user,0,none
2026-08-07 16:21:00,user_015,source_code_repo,read,2,user,0,none
2026-08-07 16:21:00,user_039,email_server,read,1,user,0,none
2026-08-07 16:21:00,user_032,hr_portal,read,7,user,0,none
2026-08-07 16:22:00,user_029,billing_system,read,1,user,0,none
2026-08-07 16:25:00,user_024,reports_db,read,8,user,0,none
2026-08-07 16:25:00,user_032,reports_db,read,2,user,0,none
2026-08-07 16:28:00,user_027,customer_data,read,5,user,0,none
2026-08-07 16:29:00,user_013,email_server,read,3,user,0,none
2026-08-07 16:32:00,user_010,admin_console,read,2,user,0,none
2026-08-07 16:33:00,user_024,source_code_repo,read,9,user,0,none
2026-08-07 16:34:00,user_009,finance_db,read,9,user,0,none
2026-08-07 16:39:00,user_035,email_server,read,5,user,0,none
2026-08-07 16:41:00,user_036,email_server,read,4,user,0,none
2026-08-07 16:43:00,user_020,source_code_repo,read,2,user,0,none
2026-08-07 16:44:00,user_029,admin_console,read,6,user,0,none
2026-08-07 16:45:00,user_024,reports_db,read,5,user,0,none
2026-08-07 16:49:00,user_015,customer_data,read,5,user,0,none
2026-08-07 16:49:00,user_037,reports_db,read,5,user,0,none
2026-08-07 16:50:00,user_001,hr_portal,read,6,user,0,none
2026-08-07 16:54:00,user_018,email_server,read,5,user,0,none
2026-08-07 16:55:00,user_023,hr_portal,read,8,user,0,none
2026-08-07 16:58:00,user_022,reports_db,read,8,user,0,none
2026-08-07 17:04:00,user_038,billing_system,read,8,user,0,none
2026-08-07 17:06:00,user_031,reports_db,read,4,user,0,none
2026-08-07 17:06:00,user_020,admin_console,read,2,user,0,none
2026-08-07 17:07:00,user_005,hr_portal,read,5,user,0,none
2026-08-07 17:10:00,user_030,reports_db,read,3,user,0,none
2026-08-07 17:11:00,user_015,source_code_repo,read,8,user,0,none
2026-08-07 17:14:00,user_015,finance_db,read,7,user,0,none
2026-08-07 17:15:00,user_038,email_server,read,5,user,0,none
2026-08-07 17:15:00,user_001,hr_portal,read,6,user,0,none
2026-08-07 17:18:00,user_014,admin_console,read,7,user,0,none
2026-08-07 17:19:00,user_039,reports_db,read,7,user,0,none
2026-08-07 17:23:00,user_036,finance_db,read,5,user,0,none
2026-08-07 17:25:00,user_025,admin_console,read,1,user,0,none
2026-08-07 17:26:00,user_031,finance_db,read,7,user,0,none
2026-08-07 17:28:00,user_023,admin_console,read,9,user,0,none
2026-08-07 17:30:00,user_029,source_code_repo,read,8,user,0,none
2026-08-07 17:34:00,user_040,billing_system,read,5,user,0,none
2026-08-07 17:40:00,user_017,finance_db,read,6,user,0,none
2026-08-07 17:43:00,user_023,reports_db,read,3,user,0,none
2026-08-07 17:43:00,user_019,source_code_repo,read,7,user,0,none
2026-08-07 17:44:00,user_019,admin_console,read,2,user,0,none
2026-08-07 17:44:00,user_034,hr_portal,read,5,user,0,none
2026-08-07 17:45:00,user_036,hr_portal,read,2,user,0,none
2026-08-07 17:47:00,user_032,finance_db,read,9,user,0,none
2026-08-07 17:50:00,user_024,reports_db,read,5,user,0,none
2026-08-07 17:52:00,user_005,email_server,read,2,user,0,none
2026-08-07 17:56:00,user_020,customer_data,read,3,user,0,none
2026-08-07 17:57:00,user_015,admin_console,read,1,user,0,none
2026-08-08 09:10:00,user_028,email_server,read,4,user,0,none
2026-08-08 09:13:00,user_003,hr_portal,read,3,user,0,none
2026-08-08 09:15:00,user_008,finance_db,read,2,user,0,none
2026-08-08 09:16:00,user_009,admin_console,read,2,user,0,none
2026-08-08 09:19:00,user_018,hr_portal,read,1,user,0,none
2026-08-08 09:22:00,user_030,reports_db,read,9,user,0,none
2026-08-08 09:25:00,user_012,billing_system,read,7,user,0,none
2026-08-08 09:29:00,user_019,source_code_repo,read,7,user,0,none
2026-08-08 09:29:00,user_002,customer_data,read,2,user,0,none
2026-08-08 09:30:00,user_028,billing_system,read,2,user,0,none
2026-08-08 09:32:00,user_020,reports_db,read,2,user,0,none
2026-08-08 09:32:00,user_011,finance_db,read,6,user,0,none
2026-08-08 09:33:00,user_029,reports_db,read,1,user,0,none
2026-08-08 09:37:00,user_028,admin_console,read,1,user,0,none
2026-08-08 09:38:00,user_024,source_code_repo,read,9,user,0,none
2026-08-08 09:38:00,user_022,source_code_repo,read,8,user,0,none
2026-08-08 09:44:00,user_011,finance_db,read,8,user,0,none
2026-08-08 09:44:00,user_025,customer_data,read,3,user,0,none
2026-08-08 09:45:00,user_038,admin_console,read,2,user,0,none
2026-08-08 09:48:00,user_010,customer_data,read,2,user,0,none
2026-08-08 09:48:00,user_004,hr_portal,read,4,user,0,none
2026-08-08 09:48:00,user_031,source_code_repo,read,4,user,0,none
2026-08-08 09:48:00,user_025,source_code_repo,read,2,user,0,none
2026-08-08 09:51:00,user_013,email_server,read,2,user,0,none
2026-08-08 09:52:00,user_025,email_server,read,7,user,0,none
2026-08-08 09:52:00,user_004,source_code_repo,read,4,user,0,none
2026-08-08 09:52:00,user_021,source_code_repo,read,1,user,0,none
2026-08-08 09:53:00,user_029,reports_db,read,4,user,0,none
2026-08-08 09:54:00,user_005,email_server,read,7,user,0,none
2026-08-08 09:55:00,user_009,reports_db,read,7,user,0,none
2026-08-08 09:57:00,user_026,admin_console,read,8,user,0,none
2026-08-08 09:57:00,user_011,source_code_repo,read,3,user,0,none
2026-08-08 09:58:00,user_007,finance_db,read,1,user,0,none
2026-08-08 10:03:00,user_038,customer_data,read,3,user,0,none
2026-08-08 10:03:00,user_019,reports_db,read,9,user,0,none
2026-08-08 10:05:00,user_026,email_server,read,1,user,0,none
2026-08-08 10:06:00,user_035,source_code_repo,read,5,user,0,none
2026-08-08 10:09:00,user_018,billing_system,read,1,user,0,none
2026-08-08 10:09:00,user_037,email_server,read,4,user,0,none
2026-08-08 10:09:00,user_027,customer_data,read,2,user,0,none
2026-08-08 10:10:00,user_019,email_server,read,2,user,0,none
2026-08-08 10:18:00,user_018,admin_console,read,8,user,0,none
2026-08-08 10:22:00,user_037,finance_db,read,7,user,0,none
2026-08-08 10:23:00,user_027,admin_console,read,8,user,0,none
2026-08-08 10:27:00,user_021,email_server,read,4,user,0,none
2026-08-08 10:27:00,user_036,reports_db,read,1,user,0,none
2026-08-08 10:29:00,user_038,reports_db,read,8,user,0,none
2026-08-08 10:36:00,user_031,customer_data,read,3,user,0,none
2026-08-08 10:37:00,user_033,admin_console,read,9,user,0,none
2026-08-08 10:43:00,user_002,hr_portal,read,6,user,0,none
2026-08-08 10:44:00,user_029,hr_portal,read,9,user,0,none
2026-08-08 10:48:00,user_022,billing_system,read,2,user,0,none
2026-08-08 10:48:00,user_025,reports_db,read,6,user,0,none
2026-08-08 10:49:00,user_017,billing_system,read,8,user,0,none
2026-08-08 10:53:00,user_005,finance_db,read,2,user,0,none
2026-08-08 11:02:00,user_037,admin_console,read,1,user,0,none
2026-08-08 11:02:00,user_014,hr_portal,read,7,user,0,none
2026-08-08 11:08:00,user_014,admin_console,read,4,user,0,none
2026-08-08 11:09:00,user_022,email_server,read,6,user,0,none
2026-08-08 11:10:00,user_038,source_code_repo,read,1,user,0,none
2026-08-08 11:13:00,user_013,source_code_repo,read,5,user,0,none
2026-08-08 11:15:00,user_025,email_server,read,8,user,0,none
2026-08-08 11:17:00,user_028,billing_system,read,5,user,0,none
2026-08-08 11:20:00,user_004,billing_system,read,5,user,0,none
2026-08-08 11:23:00,user_024,customer_data,read,9,user,0,none
2026-08-08 11:24:00,user_033,customer_data,read,9,user,0,none
2026-08-08 11:31:00,user_026,finance_db,read,7,user,0,none
2026-08-08 11:31:00,user_024,admin_console,read,1,user,0,none
2026-08-08 11:37:00,user_002,billing_system,read,8,user,0,none
2026-08-08 11:41:00,user_036,source_code_repo,read,3,user,0,none
2026-08-08 11:41:00,user_037,admin_console,read,1,user,0,none
2026-08-08 11:43:00,user_021,hr_portal,read,1,user,0,none
2026-08-08 11:43:00,user_039,billing_system,read,7,user,0,none
2026-08-08 11:43:00,user_024,customer_data,read,7,user,0,none
2026-08-08 11:43:00,user_020,billing_system,read,3,user,0,none
2026-08-08 11:44:00,user_024,hr_portal,read,4,user,0,none
2026-08-08 11:47:00,user_031,reports_db,read,8,user,0,none
2026-08-08 11:47:00,user_036,email_server,read,8,user,0,none
2026-08-08 11:48:00,user_008,email_server,read,5,user,0,none
2026-08-08 11:49:00,user_010,finance_db,read,2,user,0,none
2026-08-08 11:49:00,user_022,source_code_repo,read,6,user,0,none
2026-08-08 11:50:00,user_040,reports_db,read,9,user,0,none
2026-08-08 11:51:00,user_005,hr_portal,read,7,user,0,none
2026-08-08 11:53:00,user_024,billing_system,read,7,user,0,none
2026-08-08 11:54:00,user_018,admin_console,read,7,user,0,none
2026-08-08 11:57:00,user_032,billing_system,read,5,user,0,none
2026-08-08 11:58:00,user_008,hr_portal,read,1,user,0,none
2026-08-08 12:00:00,user_004,admin_console,read,6,user,0,none
2026-08-08 12:01:00,user_026,finance_db,read,8,user,0,none
2026-08-08 12:04:00,user_025,email_server,read,7,user,0,none
2026-08-08 12:05:00,user_001,finance_db,read,2,user,0,none
2026-08-08 12:08:00,user_016,source_code_repo,read,5,user,0,none
2026-08-08 12:11:00,user_019,customer_data,read,1,user,0,none
2026-08-08 12:13:00,user_019,hr_portal,read,3,user,0,none
2026-08-08 12:15:00,user_018,reports_db,read,2,user,0,none
2026-08-08 12:20:00,user_001,reports_db,read,4,user,0,none
2026-08-08 12:21:00,user_014,source_code_repo,read,2,user,0,none
2026-08-08 12:22:00,user_027,email_server,read,3,user,0,none
2026-08-08 12:23:00,user_009,admin_console,read,5,user,0,none
2026-08-08 12:23:00,user_037,reports_db,read,4,user,0,none
2026-08-08 12:27:00,user_006,billing_system,read,9,user,0,none
2026-08-08 12:29:00,user_027,admin_console,read,9,user,0,none
2026-08-08 12:32:00,user_005,source_code_repo,read,4,user,0,none
2026-08-08 12:33:00,user_024,reports_db,read,8,user,0,none
2026-08-08 12:34:00,user_013,billing_system,read,8,user,0,none
2026-08-08 12:35:00,user_005,email_server,read,3,user,0,none
2026-08-08 12:35:00,user_036,admin_console,read,9,user,0,none
2026-08-08 12:37:00,user_016,admin_console,read,1,user,0,none
2026-08-08 12:39:00,user_008,source_code_repo,read,1,user,0,none
2026-08-08 12:39:00,user_016,billing_system,read,8,user,0,none
2026-08-08 12:44:00,user_037,billing_system,read,3,user,0,none
2026-08-08 12:46:00,user_005,admin_console,read,8,user,0,none
2026-08-08 12:46:00,user_005,source_code_repo,read,4,user,0,none
2026-08-08 12:47:00,user_012,email_server,read,9,user,0,none
2026-08-08 12:47:00,user_033,admin_console,read,7,user,0,none
2026-08-08 12:47:00,user_001,email_server,read,1,user,0,none
2026-08-08 12:52:00,user_038,email_server,read,4,user,0,none
2026-08-08 12:54:00,user_006,hr_portal,read,6,user,0,none
2026-08-08 12:54:00,user_020,admin_console,read,8,user,0,none
2026-08-08 12:55:00,user_034,reports_db,read,2,user,0,none
2026-08-08 12:57:00,user_019,billing_system,read,8,user,0,none
2026-08-08 13:07:00,user_027,hr_portal,read,7,user,0,none
2026-08-08 13:11:00,user_010,customer_data,read,6,user,0,none
2026-08-08 13:14:00,user_002,admin_console,read,7,user,0,none
2026-08-08 13:14:00,user_023,hr_portal,read,2,user,0,none
2026-08-08 13:17:00,user_034,billing_system,read,3,user,0,none
2026-08-08 13:18:00,user_037,customer_data,read,7,user,0,none
2026-08-08 13:19:00,user_036,billing_system,read,7,user,0,none
2026-08-08 13:20:00,user_007,admin_console,read,9,user,0,none
2026-08-08 13:21:00,user_034,admin_console,read,9,user,0,none
2026-08-08 13:22:00,user_033,hr_portal,read,3,user,0,none
2026-08-08 13:24:00,user_029,hr_portal,read,3,user,0,none
2026-08-08 13:24:00,user_012,customer_data,read,2,user,0,none
2026-08-08 13:25:00,user_003,hr_portal,read,5,user,0,none
2026-08-08 13:28:00,user_004,billing_system,read,8,user,0,none
2026-08-08 13:32:00,user_004,reports_db,read,5,user,0,none
2026-08-08 13:32:00,user_031,reports_db,read,4,user,0,none
2026-08-08 13:33:00,user_033,hr_portal,read,2,user,0,none
2026-08-08 13:36:00,user_025,billing_system,read,5,user,0,none
2026-08-08 13:38:00,user_011,billing_system,read,3,user,0,none
2026-08-08 13:38:00,user_014,reports_db,read,2,user,0,none
2026-08-08 13:45:00,user_016,source_code_repo,read,4,user,0,none
2026-08-08 13:48:00,user_037,billing_system,read,4,user,0,none
2026-08-08 13:49:00,user_031,customer_data,read,5,user,0,none
2026-08-08 13:49:00,user_030,source_code_repo,read,8,user,0,none
2026-08-08 13:53:00,user_020,hr_portal,read,9,user,0,none
2026-08-08 13:55:00,user_026,email_server,read,4,user,0,none
2026-08-08 13:56:00,user_014,hr_portal,read,5,user,0,none
2026-08-08 13:57:00,user_004,reports_db,read,6,user,0,none
2026-08-08 14:05:00,user_022,email_server,read,3,user,0,none
2026-08-08 14:07:00,user_006,hr_portal,read,5,user,0,none
2026-08-08 14:07:00,user_040,reports_db,read,3,user,0,none
2026-08-08 14:08:00,user_003,hr_portal,read,4,user,0,none
2026-08-08 14:10:00,user_036,email_server,read,7,user,0,none
2026-08-08 14:14:00,user_005,source_code_repo,read,6,user,0,none
2026-08-08 14:17:00,user_038,source_code_repo,read,5,user,0,none
2026-08-08 14:18:00,user_009,reports_db,read,2,user,0,none
2026-08-08 14:21:00,user_023,billing_system,read,3,user,0,none
2026-08-08 14:22:00,user_022,finance_db,read,9,user,0,none
2026-08-08 14:22:00,user_032,customer_data,read,5,user,0,none
2026-08-08 14:23:00,user_011,admin_console,read,1,user,0,none
2026-08-08 14:26:00,user_007,customer_data,read,8,user,0,none
2026-08-08 14:32:00,user_010,source_code_repo,read,6,user,0,none
2026-08-08 14:33:00,user_014,hr_portal,read,7,user,0,none
2026-08-08 14:33:00,user_013,reports_db,read,4,user,0,none
2026-08-08 14:35:00,user_016,reports_db,read,6,user,0,none
2026-08-08 14:35:00,user_031,hr_portal,read,9,user,0,none
2026-08-08 14:37:00,user_017,billing_system,read,6,user,0,none
2026-08-08 14:38:00,user_020,hr_portal,read,3,user,0,none
2026-08-08 14:42:00,user_021,hr_portal,read,2,user,0,none
2026-08-08 14:42:00,user_031,source_code_repo,read,6,user,0,none
2026-08-08 14:48:00,user_037,billing_system,read,6,user,0,none
2026-08-08 14:49:00,user_001,hr_portal,read,1,user,0,none
2026-08-08 14:52:00,user_001,customer_data,read,1,user,0,none
2026-08-08 14:52:00,user_007,reports_db,read,1,user,0,none
2026-08-08 14:54:00,user_003,admin_console,read,1,user,0,none
2026-08-08 14:56:00,user_020,billing_system,read,5,user,0,none
2026-08-08 14:56:00,user_038,finance_db,read,9,user,0,none
2026-08-08 14:56:00,user_016,source_code_repo,read,7,user,0,none
2026-08-08 14:58:00,user_027,billing_system,read,7,user,0,none
2026-08-08 15:02:00,user_021,hr_portal,read,3,user,0,none
2026-08-08 15:03:00,user_033,finance_db,read,6,user,0,none
2026-08-08 15:05:00,user_002,email_server,read,7,user,0,none
2026-08-08 15:07:00,user_018,reports_db,read,8,user,0,none
2026-08-08 15:07:00,user_004,customer_data,read,4,user,0,none
2026-08-08 15:08:00,user_037,finance_db,read,3,user,0,none
2026-08-08 15:08:00,user_012,finance_db,read,9,user,0,none
2026-08-08 15:08:00,user_036,customer_data,read,7,user,0,none
2026-08-08 15:10:00,user_040,hr_portal,read,3,user,0,none
2026-08-08 15:10:00,user_016,source_code_repo,read,4,user,0,none
2026-08-08 15:10:00,user_026,reports_db,read,9,user,0,none
2026-08-08 15:15:00,user_017,email_server,read,3,user,0,none
2026-08-08 15:15:00,user_015,reports_db,read,6,user,0,none
2026-08-08 15:16:00,user_036,billing_system,read,2,user,0,none
2026-08-08 15:17:00,user_018,admin_console,read,6,user,0,none
2026-08-08 15:18:00,user_039,source_code_repo,read,2,user,0,none
2026-08-08 15:19:00,user_027,billing_system,read,2,user,0,none
2026-08-08 15:19:00,user_001,source_code_repo,read,7,user,0,none
2026-08-08 15:20:00,user_029,billing_system,read,4,user,0,none
2026-08-08 15:21:00,user_008,email_server,read,8,user,0,none
2026-08-08 15:22:00,user_011,customer_data,read,1,user,0,none
2026-08-08 15:23:00,user_027,customer_data,read,4,user,0,none
2026-08-08 15:24:00,user_019,customer_data,read,5,user,0,none
2026-08-08 15:25:00,user_012,customer_data,read,6,user,0,none
2026-08-08 15:25:00,user_004,finance_db,read,3,user,0,none
2026-08-08 15:25:00,user_016,email_server,read,3,user,0,none
2026-08-08 15:25:00,user_004,hr_portal,read,1,user,0,none
2026-08-08 15:27:00,user_036,hr_portal,read,9,user,0,none
2026-08-08 15:27:00,user_012,customer_data,read,7,user,0,none
2026-08-08 15:33:00,user_015,finance_db,read,2,user,0,none
2026-08-08 15:33:00,user_023,source_code_repo,read,1,user,0,none
2026-08-08 15:34:00,user_001,customer_data,read,7,user,0,none
2026-08-08 15:36:00,user_007,email_server,read,5,user,0,none
2026-08-08 15:37:00,user_022,admin_console,read,9,user,0,none
2026-08-08 15:40:00,user_006,email_server,read,7,user,0,none
2026-08-08 15:41:00,user_002,billing_system,read,9,user,0,none
2026-08-08 15:45:00,user_003,hr_portal,read,8,user,0,none
2026-08-08 15:46:00,user_007,admin_console,read,6,user,0,none
2026-08-08 15:47:00,user_025,source_code_repo,read,7,user,0,none
2026-08-08 15:49:00,user_003,hr_portal,read,8,user,0,none
2026-08-08 15:58:00,user_014,reports_db,read,1,user,0,none
2026-08-08 16:01:00,user_033,email_server,read,9,user,0,none
2026-08-08 16:02:00,user_023,reports_db,read,7,user,0,none
2026-08-08 16:02:00,user_015,source_code_repo,read,3,user,0,none
2026-08-08 16:04:00,user_027,email_server,read,3,user,0,none
2026-08-08 16:04:00,user_011,admin_console,read,6,user,0,none
2026-08-08 16:05:00,user_039,source_code_repo,read,7,user,0,none
2026-08-08 16:07:00,user_001,source_code_repo,read,6,user,0,none
2026-08-08 16:08:00,user_019,email_server,read,7,user,0,none
2026-08-08 16:09:00,user_027,admin_console,read,2,user,0,none
2026-08-08 16:13:00,user_035,admin_console,read,6,user,0,none
2026-08-08 16:14:00,user_032,hr_portal,read,6,user,0,none
2026-08-08 16:15:00,user_039,finance_db,read,6,user,0,none
2026-08-08 16:15:00,user_040,finance_db,read,2,user,0,none
2026-08-08 16:18:00,user_015,email_server,read,5,user,0,none
2026-08-08 16:18:00,user_040,source_code_repo,read,1,user,0,none
2026-08-08 16:19:00,user_031,email_server,read,1,user,0,none
2026-08-08 16:20:00,user_003,customer_data,read,9,user,0,none
2026-08-08 16:20:00,user_036,email_server,read,4,user,0,none
2026-08-08 16:20:00,user_003,billing_system,read,5,user,0,none
2026-08-08 16:21:00,user_006,customer_data,read,1,user,0,none
2026-08-08 16:22:00,user_021,reports_db,read,4,user,0,none
2026-08-08 16:25:00,user_020,email_server,read,3,user,0,none
2026-08-08 16:25:00,user_027,customer_data,read,5,user,0,none
2026-08-08 16:27:00,user_014,billing_system,read,3,user,0,none
2026-08-08 16:28:00,user_024,hr_portal,read,6,user,0,none
2026-08-08 16:30:00,user_031,billing_system,read,6,user,0,none
2026-08-08 16:30:00,user_035,customer_data,read,3,user,0,none
2026-08-08 16:31:00,user_013,email_server,read,8,user,0,none
2026-08-08 16:36:00,user_038,email_server,read,7,user,0,none
2026-08-08 16:37:00,user_014,customer_data,read,2,user,0,none
2026-08-08 16:40:00,user_034,billing_system,read,5,user,0,none
2026-08-08 16:40:00,user_005,billing_system,read,5,user,0,none
2026-08-08 16:41:00,user_040,source_code_repo,read,4,user,0,none
2026-08-08 16:42:00,user_017,email_server,read,3,user,0,none
2026-08-08 16:42:00,user_038,billing_system,read,8,user,0,none
2026-08-08 16:43:00,user_003,reports_db,read,7,user,0,none
2026-08-08 16:43:00,user_002,customer_data,read,9,user,0,none
2026-08-08 16:44:00,user_031,hr_portal,read,2,user,0,none
2026-08-08 16:45:00,user_017,source_code_repo,read,6,user,0,none
2026-08-08 16:46:00,user_028,admin_console,read,7,user,0,none
2026-08-08 16:48:00,user_007,customer_data,read,9,user,0,none
2026-08-08 16:49:00,user_023,hr_portal,read,1,user,0,none
2026-08-08 16:50:00,user_012,reports_db,read,4,user,0,none
2026-08-08 16:51:00,user_018,admin_console,read,8,user,0,none
2026-08-08 16:55:00,user_040,source_code_repo,read,7,user,0,none
2026-08-08 16:56:00,user_037,billing_system,read,5,user,0,none
2026-08-08 16:57:00,user_035,finance_db,read,8,user,0,none
2026-08-08 17:01:00,user_038,hr_portal,read,6,user,0,none
2026-08-08 17:03:00,user_022,admin_console,read,8,user,0,none
2026-08-08 17:05:00,user_019,hr_portal,read,2,user,0,none
2026-08-08 17:05:00,user_011,admin_console,read,7,user,0,none
2026-08-08 17:06:00,user_010,finance_db,read,4,user,0,none
2026-08-08 17:06:00,user_003,email_server,read,2,user,0,none
2026-08-08 17:10:00,user_031,source_code_repo,read,6,user,0,none
2026-08-08 17:10:00,user_013,customer_data,read,1,user,0,none
2026-08-08 17:13:00,user_028,finance_db,read,8,user,0,none
2026-08-08 17:15:00,user_036,admin_console,read,3,user,0,none
2026-08-08 17:17:00,user_018,admin_console,read,1,user,0,none
2026-08-08 17:18:00,user_030,admin_console,read,9,user,0,none
2026-08-08 17:25:00,user_021,customer_data,read,2,user,0,none
2026-08-08 17:25:00,user_009,hr_portal,read,6,user,0,none
2026-08-08 17:33:00,user_022,email_server,read,8,user,0,none
2026-08-08 17:35:00,user_008,reports_db,read,9,user,0,none
2026-08-08 17:35:00,user_015,source_code_repo,read,3,user,0,none
2026-08-08 17:35:00,user_017,hr_portal,read,1,user,0,none
2026-08-08 17:37:00,user_021,email_server,read,6,user,0,none
2026-08-08 17:39:00,user_020,source_code_repo,read,1,user,0,none
2026-08-08 17:39:00,user_029,admin_console,read,8,user,0,none
2026-08-08 17:40:00,user_020,admin_console,read,5,user,0,none
2026-08-08 17:43:00,user_001,customer_data,read,6,user,0,none
2026-08-08 17:47:00,user_004,billing_system,read,3,user,0,none
2026-08-08 17:50:00,user_034,billing_system,read,6,user,0,none
2026-08-08 17:51:00,user_001,billing_system,read,6,user,0,none
2026-08-08 17:56:00,user_021,reports_db,read,2,user,0,none
2026-08-09 01:16:00,user_003,admin_console,privilege_escalation,0,admin,1,privilege_escalation
2026-08-09 01:17:00,user_003,finance_db,download,725,admin,1,data_exfiltration
2026-08-09 03:27:00,user_030,admin_console,privilege_escalation,0,admin,1,privilege_escalation
2026-08-09 03:28:00,user_030,customer_data,download,657,admin,1,data_exfiltration
2026-08-09 09:00:00,user_008,email_server,read,1,user,0,none
2026-08-09 09:02:00,user_018,admin_console,read,3,user,0,none
2026-08-09 09:05:00,user_005,finance_db,read,3,user,0,none
2026-08-09 09:06:00,user_040,reports_db,read,4,user,0,none
2026-08-09 09:07:00,user_030,billing_system,read,3,user,0,none
2026-08-09 09:08:00,user_011,finance_db,read,2,user,0,none
2026-08-09 09:09:00,user_027,customer_data,read,5,user,0,none
2026-08-09 09:14:00,user_011,finance_db,read,1,user,0,none
2026-08-09 09:18:00,user_034,email_server,read,1,user,0,none
2026-08-09 09:19:00,user_037,customer_data,read,7,user,0,none
2026-08-09 09:19:00,user_020,reports_db,read,7,user,0,none
2026-08-09 09:24:00,user_009,reports_db,read,3,user,0,none
2026-08-09 09:28:00,user_030,email_server,read,9,user,0,none
2026-08-09 09:32:00,user_040,customer_data,read,9,user,0,none
2026-08-09 09:32:00,user_013,source_code_repo,read,3,user,0,none
2026-08-09 09:33:00,user_022,finance_db,read,4,user,0,none
2026-08-09 09:34:00,user_025,billing_system,read,5,user,0,none
2026-08-09 09:35:00,user_016,billing_system,read,6,user,0,none
2026-08-09 09:36:00,user_025,source_code_repo,read,2,user,0,none
2026-08-09 09:37:00,user_037,source_code_repo,read,8,user,0,none
2026-08-09 09:40:00,user_011,billing_system,read,3,user,0,none
2026-08-09 09:40:00,user_022,customer_data,read,6,user,0,none
2026-08-09 09:40:00,user_014,admin_console,read,5,user,0,none
2026-08-09 09:42:00,user_022,finance_db,read,3,user,0,none
2026-08-09 09:43:00,user_036,billing_system,read,8,user,0,none
2026-08-09 09:44:00,user_020,source_code_repo,read,4,user,0,none
2026-08-09 09:44:00,user_021,billing_system,read,1,user,0,none
2026-08-09 09:47:00,user_033,billing_system,read,8,user,0,none
2026-08-09 09:49:00,user_011,reports_db,read,6,user,0,none
2026-08-09 09:52:00,user_014,hr_portal,read,5,user,0,none
2026-08-09 09:53:00,user_016,hr_portal,read,2,user,0,none
2026-08-09 09:56:00,user_022,billing_system,read,6,user,0,none
2026-08-09 10:04:00,user_023,reports_db,read,5,user,0,none
2026-08-09 10:07:00,user_006,hr_portal,read,4,user,0,none
2026-08-09 10:11:00,user_035,admin_console,read,4,user,0,none
2026-08-09 10:12:00,user_004,customer_data,read,8,user,0,none
2026-08-09 10:13:00,user_026,email_server,read,2,user,0,none
2026-08-09 10:13:00,user_017,source_code_repo,read,1,user,0,none
2026-08-09 10:19:00,user_016,admin_console,read,2,user,0,none
2026-08-09 10:19:00,user_031,source_code_repo,read,1,user,0,none
2026-08-09 10:23:00,user_029,finance_db,read,5,user,0,none
2026-08-09 10:25:00,user_006,finance_db,read,8,user,0,none
2026-08-09 10:32:00,user_030,billing_system,read,7,user,0,none
2026-08-09 10:32:00,user_017,admin_console,read,3,user,0,none
2026-08-09 10:35:00,user_012,reports_db,read,3,user,0,none
2026-08-09 10:36:00,user_005,customer_data,read,2,user,0,none
2026-08-09 10:36:00,user_012,customer_data,read,8,user,0,none
2026-08-09 10:36:00,user_023,customer_data,read,8,user,0,none
2026-08-09 10:37:00,user_036,customer_data,read,9,user,0,none
2026-08-09 10:39:00,user_006,finance_db,read,1,user,0,none
2026-08-09 10:40:00,user_010,source_code_repo,read,2,user,0,none
2026-08-09 10:42:00,user_037,billing_system,read,4,user,0,none
2026-08-09 10:42:00,user_027,finance_db,read,3,user,0,none
2026-08-09 10:46:00,user_027,hr_portal,read,5,user,0,none
2026-08-09 10:47:00,user_039,finance_db,read,9,user,0,none
2026-08-09 10:47:00,user_015,email_server,read,5,user,0,none
2026-08-09 10:48:00,user_029,billing_system,read,8,user,0,none
2026-08-09 10:54:00,user_007,reports_db,read,1,user,0,none
2026-08-09 10:56:00,user_033,finance_db,read,2,user,0,none
2026-08-09 10:57:00,user_003,billing_system,read,9,user,0,none
2026-08-09 11:02:00,user_028,reports_db,read,9,user,0,none
2026-08-09 11:06:00,user_009,admin_console,read,4,user,0,none
2026-08-09 11:06:00,user_006,finance_db,read,8,user,0,none
2026-08-09 11:13:00,user_009,customer_data,read,9,user,0,none
2026-08-09 11:16:00,user_016,billing_system,read,2,user,0,none
2026-08-09 11:18:00,user_018,email_server,read,7,user,0,none
2026-08-09 11:18:00,user_028,hr_portal,read,7,user,0,none
2026-08-09 11:18:00,user_040,billing_system,read,4,user,0,none
2026-08-09 11:19:00,user_001,hr_portal,read,1,user,0,none
2026-08-09 11:19:00,user_017,reports_db,read,2,user,0,none
2026-08-09 11:21:00,user_024,email_server,read,7,user,0,none
2026-08-09 11:22:00,user_009,admin_console,read,7,user,0,none
2026-08-09 11:23:00,user_002,email_server,read,5,user,0,none
2026-08-09 11:25:00,user_024,hr_portal,read,6,user,0,none
2026-08-09 11:26:00,user_015,hr_portal,read,7,user,0,none
2026-08-09 11:26:00,user_017,billing_system,read,6,user,0,none
2026-08-09 11:28:00,user_008,source_code_repo,read,8,user,0,none
2026-08-09 11:28:00,user_026,source_code_repo,read,8,user,0,none
2026-08-09 11:32:00,user_037,customer_data,read,1,user,0,none
2026-08-09 11:32:00,user_002,finance_db,read,2,user,0,none
2026-08-09 11:32:00,user_023,email_server,read,4,user,0,none
2026-08-09 11:34:00,user_018,finance_db,read,7,user,0,none
2026-08-09 11:37:00,user_010,billing_system,read,9,user,0,none
2026-08-09 11:38:00,user_015,customer_data,read,7,user,0,none
2026-08-09 11:42:00,user_036,admin_console,read,7,user,0,none
2026-08-09 11:43:00,user_009,customer_data,read,1,user,0,none
2026-08-09 11:43:00,user_027,source_code_repo,read,1,user,0,none
2026-08-09 11:44:00,user_021,finance_db,read,2,user,0,none
2026-08-09 11:44:00,user_035,hr_portal,read,8,user,0,none
2026-08-09 11:49:00,user_016,finance_db,read,8,user,0,none
2026-08-09 11:49:00,user_022,customer_data,read,7,user,0,none
2026-08-09 11:50:00,user_034,email_server,read,8,user,0,none
2026-08-09 11:52:00,user_032,reports_db,read,7,user,0,none
2026-08-09 11:54:00,user_018,reports_db,read,5,user,0,none
2026-08-09 11:55:00,user_005,email_server,read,2,user,0,none
2026-08-09 11:57:00,user_039,customer_data,read,7,user,0,none
2026-08-09 12:01:00,user_022,customer_data,read,8,user,0,none
2026-08-09 12:05:00,user_012,finance_db,read,6,user,0,none
2026-08-09 12:05:00,user_016,admin_console,read,5,user,0,none
2026-08-09 12:05:00,user_002,reports_db,read,9,user,0,none
2026-08-09 12:07:00,user_016,hr_portal,read,6,user,0,none
2026-08-09 12:09:00,user_038,hr_portal,read,3,user,0,none
2026-08-09 12:10:00,user_032,email_server,read,1,user,0,none
2026-08-09 12:11:00,user_009,reports_db,read,2,user,0,none
2026-08-09 12:14:00,user_009,email_server,read,6,user,0,none
2026-08-09 12:14:00,user_006,hr_portal,read,6,user,0,none
2026-08-09 12:14:00,user_005,billing_system,read,2,user,0,none
2026-08-09 12:18:00,user_036,email_server,read,5,user,0,none
2026-08-09 12:21:00,user_030,admin_console,read,8,user,0,none
2026-08-09 12:23:00,user_016,reports_db,read,2,user,0,none
2026-08-09 12:28:00,user_037,admin_console,read,1,user,0,none
2026-08-09 12:31:00,user_028,source_code_repo,read,5,user,0,none
2026-08-09 12:34:00,user_012,source_code_repo,read,7,user,0,none
2026-08-09 12:35:00,user_006,reports_db,read,8,user,0,none
2026-08-09 12:35:00,user_028,source_code_repo,read,8,user,0,none
2026-08-09 12:37:00,user_022,source_code_repo,read,4,user,0,none
2026-08-09 12:40:00,user_017,email_server,read,9,user,0,none
2026-08-09 12:40:00,user_017,admin_console,read,1,user,0,none
2026-08-09 12:41:00,user_026,billing_system,read,1,user,0,none
2026-08-09 12:44:00,user_039,reports_db,read,7,user,0,none
2026-08-09 12:49:00,user_003,source_code_repo,read,2,user,0,none
2026-08-09 12:51:00,user_010,billing_system,read,6,user,0,none
2026-08-09 12:54:00,user_025,hr_portal,read,1,user,0,none
2026-08-09 12:54:00,user_008,source_code_repo,read,2,user,0,none
2026-08-09 12:55:00,user_012,reports_db,read,7,user,0,none
2026-08-09 12:55:00,user_039,source_code_repo,read,1,user,0,none
2026-08-09 13:00:00,user_025,source_code_repo,read,2,user,0,none
2026-08-09 13:01:00,user_011,email_server,read,4,user,0,none
2026-08-09 13:01:00,user_033,admin_console,read,6,user,0,none
2026-08-09 13:03:00,user_032,customer_data,read,7,user,0,none
2026-08-09 13:04:00,user_026,reports_db,read,5,user,0,none
2026-08-09 13:05:00,user_035,source_code_repo,read,7,user,0,none
2026-08-09 13:06:00,user_024,hr_portal,read,9,user,0,none
2026-08-09 13:06:00,user_017,billing_system,read,1,user,0,none
2026-08-09 13:07:00,user_040,finance_db,read,6,user,0,none
2026-08-09 13:09:00,user_038,hr_portal,read,9,user,0,none
2026-08-09 13:12:00,user_021,hr_portal,read,7,user,0,none
2026-08-09 13:14:00,user_032,customer_data,read,3,user,0,none
2026-08-09 13:16:00,user_018,hr_portal,read,3,user,0,none
2026-08-09 13:17:00,user_040,reports_db,read,5,user,0,none
2026-08-09 13:17:00,user_028,billing_system,read,3,user,0,none
2026-08-09 13:18:00,user_024,email_server,read,1,user,0,none
2026-08-09 13:30:00,user_040,billing_system,read,7,user,0,none
2026-08-09 13:32:00,user_012,billing_system,read,2,user,0,none
2026-08-09 13:35:00,user_003,hr_portal,read,7,user,0,none
2026-08-09 13:39:00,user_040,customer_data,read,7,user,0,none
2026-08-09 13:41:00,user_013,finance_db,read,5,user,0,none
2026-08-09 13:42:00,user_023,finance_db,read,1,user,0,none
2026-08-09 13:45:00,user_017,billing_system,read,4,user,0,none
2026-08-09 13:47:00,user_039,hr_portal,read,2,user,0,none
2026-08-09 13:50:00,user_035,billing_system,read,9,user,0,none
2026-08-09 13:50:00,user_027,email_server,read,5,user,0,none
2026-08-09 13:51:00,user_034,hr_portal,read,1,user,0,none
2026-08-09 13:54:00,user_033,email_server,read,3,user,0,none
2026-08-09 14:00:00,user_019,admin_console,read,7,user,0,none
2026-08-09 14:01:00,user_030,customer_data,read,8,user,0,none
2026-08-09 14:01:00,user_007,finance_db,read,6,user,0,none
2026-08-09 14:02:00,user_036,admin_console,read,2,user,0,none
2026-08-09 14:02:00,user_009,reports_db,read,9,user,0,none
2026-08-09 14:02:00,user_003,billing_system,read,4,user,0,none
2026-08-09 14:02:00,user_020,billing_system,read,3,user,0,none
2026-08-09 14:03:00,user_010,finance_db,read,1,user,0,none
2026-08-09 14:04:00,user_035,reports_db,read,4,user,0,none
2026-08-09 14:05:00,user_016,email_server,read,9,user,0,none
2026-08-09 14:05:00,user_020,customer_data,read,1,user,0,none
2026-08-09 14:06:00,user_018,admin_console,read,4,user,0,none
2026-08-09 14:07:00,user_036,source_code_repo,read,4,user,0,none
2026-08-09 14:09:00,user_009,source_code_repo,read,5,user,0,none
2026-08-09 14:10:00,user_039,hr_portal,read,4,user,0,none
2026-08-09 14:12:00,user_018,finance_db,read,6,user,0,none
2026-08-09 14:13:00,user_012,customer_data,read,5,user,0,none
2026-08-09 14:16:00,user_027,billing_system,read,8,user,0,none
2026-08-09 14:18:00,user_005,hr_portal,read,2,user,0,none
2026-08-09 14:23:00,user_006,email_server,read,4,user,0,none
2026-08-09 14:26:00,user_012,billing_system,read,2,user,0,none
2026-08-09 14:27:00,user_027,email_server,read,4,user,0,none
2026-08-09 14:29:00,user_028,hr_portal,read,8,user,0,none
2026-08-09 14:29:00,user_011,billing_system,read,6,user,0,none
2026-08-09 14:29:00,user_019,hr_portal,read,5,user,0,none
2026-08-09 14:29:00,user_033,billing_system,read,4,user,0,none
2026-08-09 14:30:00,user_023,email_server,read,7,user,0,none
2026-08-09 14:30:00,user_016,hr_portal,read,5,user,0,none
2026-08-09 14:33:00,user_015,reports_db,read,6,user,0,none
2026-08-09 14:33:00,user_029,hr_portal,read,1,user,0,none
2026-08-09 14:35:00,user_002,customer_data,read,4,user,0,none
2026-08-09 14:36:00,user_009,billing_system,read,5,user,0,none
2026-08-09 14:43:00,user_033,email_server,read,3,user,0,none
2026-08-09 14:43:00,user_006,billing_system,read,9,user,0,none
2026-08-09 14:46:00,user_002,source_code_repo,read,2,user,0,none
2026-08-09 14:47:00,user_017,source_code_repo,read,2,user,0,none
2026-08-09 14:49:00,user_029,customer_data,read,2,user,0,none
2026-08-09 14:52:00,user_024,admin_console,read,6,user,0,none
2026-08-09 14:55:00,user_020,hr_portal,read,6,user,0,none
2026-08-09 14:56:00,user_032,source_code_repo,read,7,user,0,none
2026-08-09 14:58:00,user_014,billing_system,read,3,user,0,none
2026-08-09 15:01:00,user_021,admin_console,read,9,user,0,none
2026-08-09 15:03:00,user_022,finance_db,read,6,user,0,none
2026-08-09 15:03:00,user_040,finance_db,read,6,user,0,none
2026-08-09 15:04:00,user_002,customer_data,read,8,user,0,none
2026-08-09 15:12:00,user_011,hr_portal,read,2,user,0,none
2026-08-09 15:13:00,user_037,customer_data,read,4,user,0,none
2026-08-09 15:14:00,user_036,billing_system,read,8,user,0,none
2026-08-09 15:19:00,user_011,hr_portal,read,8,user,0,none
2026-08-09 15:19:00,user_021,billing_system,read,2,user,0,none
2026-08-09 15:20:00,user_008,customer_data,read,2,user,0,none
2026-08-09 15:23:00,user_035,admin_console,read,2,user,0,none
2026-08-09 15:23:00,user_014,admin_console,read,9,user,0,none
2026-08-09 15:24:00,user_015,hr_portal,read,6,user,0,none
2026-08-09 15:24:00,user_024,admin_console,read,7,user,0,none
2026-08-09 15:26:00,user_002,finance_db,read,3,user,0,none
2026-08-09 15:27:00,user_011,source_code_repo,read,8,user,0,none
2026-08-09 15:29:00,user_004,email_server,read,3,user,0,none
2026-08-09 15:29:00,user_011,billing_system,read,4,user,0,none
2026-08-09 15:29:00,user_023,reports_db,read,6,user,0,none
2026-08-09 15:30:00,user_002,reports_db,read,2,user,0,none
2026-08-09 15:30:00,user_015,source_code_repo,read,6,user,0,none
2026-08-09 15:31:00,user_004,hr_portal,read,7,user,0,none
2026-08-09 15:32:00,user_033,admin_console,read,8,user,0,none
2026-08-09 15:37:00,user_024,source_code_repo,read,5,user,0,none
2026-08-09 15:40:00,user_013,hr_portal,read,4,user,0,none
2026-08-09 15:42:00,user_024,hr_portal,read,9,user,0,none
2026-08-09 15:45:00,user_020,reports_db,read,9,user,0,none
2026-08-09 15:54:00,user_031,email_server,read,9,user,0,none
2026-08-09 15:56:00,user_030,source_code_repo,read,2,user,0,none
2026-08-09 15:57:00,user_036,finance_db,read,4,user,0,none
2026-08-09 16:01:00,user_013,source_code_repo,read,8,user,0,none
2026-08-09 16:02:00,user_002,customer_data,read,9,user,0,none
2026-08-09 16:03:00,user_029,admin_console,read,9,user,0,none
2026-08-09 16:04:00,user_025,admin_console,read,4,user,0,none
2026-08-09 16:08:00,user_033,reports_db,read,1,user,0,none
2026-08-09 16:09:00,user_028,finance_db,read,5,user,0,none
2026-08-09 16:09:00,user_036,billing_system,read,2,user,0,none
2026-08-09 16:10:00,user_037,finance_db,read,1,user,0,none
2026-08-09 16:10:00,user_033,reports_db,read,5,user,0,none
2026-08-09 16:13:00,user_002,source_code_repo,read,4,user,0,none
2026-08-09 16:16:00,user_036,email_server,read,2,user,0,none
2026-08-09 16:17:00,user_027,email_server,read,8,user,0,none
2026-08-09 16:18:00,user_001,source_code_repo,read,6,user,0,none
2026-08-09 16:20:00,user_024,customer_data,read,4,user,0,none
2026-08-09 16:21:00,user_006,source_code_repo,read,2,user,0,none
2026-08-09 16:28:00,user_016,source_code_repo,read,8,user,0,none
2026-08-09 16:30:00,user_030,billing_system,read,9,user,0,none
2026-08-09 16:30:00,user_001,email_server,read,2,user,0,none
2026-08-09 16:31:00,user_021,email_server,read,7,user,0,none
2026-08-09 16:34:00,user_038,email_server,read,6,user,0,none
2026-08-09 16:34:00,user_039,source_code_repo,read,6,user,0,none
2026-08-09 16:35:00,user_040,email_server,read,3,user,0,none
2026-08-09 16:36:00,user_025,customer_data,read,4,user,0,none
2026-08-09 16:37:00,user_023,hr_portal,read,9,user,0,none
2026-08-09 16:39:00,user_021,customer_data,read,7,user,0,none
2026-08-09 16:40:00,user_025,customer_data,read,3,user,0,none
2026-08-09 16:43:00,user_029,billing_system,read,3,user,0,none
2026-08-09 16:46:00,user_028,admin_console,read,2,user,0,none
2026-08-09 16:49:00,user_004,email_server,read,4,user,0,none
2026-08-09 16:49:00,user_020,customer_data,read,9,user,0,none
2026-08-09 16:52:00,user_020,source_code_repo,read,6,user,0,none
2026-08-09 16:55:00,user_007,customer_data,read,2,user,0,none
2026-08-09 16:58:00,user_031,billing_system,read,6,user,0,none
2026-08-09 16:58:00,user_017,reports_db,read,7,user,0,none
2026-08-09 16:58:00,user_030,finance_db,read,4,user,0,none
2026-08-09 16:58:00,user_012,email_server,read,3,user,0,none
2026-08-09 16:58:00,user_029,customer_data,read,2,user,0,none
2026-08-09 17:00:00,user_033,reports_db,read,6,user,0,none
2026-08-09 17:01:00,user_021,billing_system,read,4,user,0,none
2026-08-09 17:04:00,user_036,billing_system,read,7,user,0,none
2026-08-09 17:05:00,user_019,reports_db,read,9,user,0,none
2026-08-09 17:05:00,user_015,reports_db,read,8,user,0,none
2026-08-09 17:06:00,user_010,email_server,read,1,user,0,none
2026-08-09 17:07:00,user_010,admin_console,read,3,user,0,none
2026-08-09 17:08:00,user_026,billing_system,read,8,user,0,none
2026-08-09 17:09:00,user_022,email_server,read,1,user,0,none
2026-08-09 17:12:00,user_022,finance_db,read,6,user,0,none
2026-08-09 17:16:00,user_037,reports_db,read,5,user,0,none
2026-08-09 17:20:00,user_027,finance_db,read,9,user,0,none
2026-08-09 17:23:00,user_020,customer_data,read,9,user,0,none
2026-08-09 17:25:00,user_022,admin_console,read,1,user,0,none
2026-08-09 17:26:00,user_004,finance_db,read,3,user,0,none
2026-08-09 17:26:00,user_012,source_code_repo,read,5,user,0,none
2026-08-09 17:31:00,user_018,admin_console,read,9,user,0,none
2026-08-09 17:32:00,user_020,customer_data,read,7,user,0,none
2026-08-09 17:35:00,user_004,admin_console,read,2,user,0,none
2026-08-09 17:38:00,user_029,source_code_repo,read,2,user,0,none
2026-08-09 17:38:00,user_011,email_server,read,5,user,0,none
2026-08-09 17:41:00,user_017,admin_console,read,1,user,0,none
2026-08-09 17:46:00,user_009,customer_data,read,4,user,0,none
2026-08-09 17:49:00,user_025,customer_data,read,6,user,0,none
2026-08-09 17:49:00,user_018,billing_system,read,6,user,0,none
2026-08-09 17:51:00,user_029,finance_db,read,3,user,0,none
2026-08-09 17:52:00,user_003,customer_data,read,1,user,0,none
2026-08-09 17:53:00,user_032,hr_portal,read,1,user,0,none
2026-08-09 17:53:00,user_023,reports_db,read,8,user,0,none
2026-08-09 17:54:00,user_026,source_code_repo,read,4,user,0,none
2026-08-09 17:55:00,user_006,hr_portal,read,9,user,0,none
2026-08-09 17:56:00,user_035,customer_data,read,9,user,0,none
2026-08-09 17:57:00,user_020,billing_system,read,2,user,0,none
2026-08-10 02:24:00,user_036,admin_console,privilege_escalation,0,admin,1,privilege_escalation
2026-08-10 02:25:00,user_036,admin_console,download,674,admin,1,data_exfiltration
2026-08-10 09:02:00,user_008,customer_data,read,8,user,0,none
2026-08-10 09:06:00,user_028,reports_db,read,3,user,0,none
2026-08-10 09:07:00,user_010,hr_portal,read,8,user,0,none
2026-08-10 09:08:00,user_021,billing_system,read,4,user,0,none
2026-08-10 09:10:00,user_025,customer_data,read,6,user,0,none
2026-08-10 09:12:00,user_039,source_code_repo,read,6,user,0,none
2026-08-10 09:12:00,user_013,email_server,read,5,user,0,none
2026-08-10 09:13:00,user_014,admin_console,read,2,user,0,none
2026-08-10 09:13:00,user_026,reports_db,read,8,user,0,none
2026-08-10 09:14:00,user_013,email_server,read,6,user,0,none
2026-08-10 09:17:00,user_025,billing_system,read,4,user,0,none
2026-08-10 09:22:00,user_004,hr_portal,read,8,user,0,none
2026-08-10 09:23:00,user_022,billing_system,read,2,user,0,none
2026-08-10 09:23:00,user_038,email_server,read,7,user,0,none
2026-08-10 09:28:00,user_012,customer_data,read,8,user,0,none
2026-08-10 09:32:00,user_038,customer_data,read,5,user,0,none
2026-08-10 09:34:00,user_021,reports_db,read,7,user,0,none
2026-08-10 09:34:00,user_035,email_server,read,7,user,0,none
2026-08-10 09:35:00,user_037,source_code_repo,read,8,user,0,none
2026-08-10 09:36:00,user_034,source_code_repo,read,8,user,0,none
2026-08-10 09:37:00,user_038,source_code_repo,read,1,user,0,none
2026-08-10 09:38:00,user_003,hr_portal,read,4,user,0,none
2026-08-10 09:42:00,user_002,source_code_repo,read,3,user,0,none
2026-08-10 09:46:00,user_020,billing_system,read,7,user,0,none
2026-08-10 09:52:00,user_032,email_server,read,9,user,0,none
2026-08-10 09:53:00,user_025,reports_db,read,3,user,0,none
2026-08-10 09:54:00,user_039,source_code_repo,read,4,user,0,none
2026-08-10 09:55:00,user_030,admin_console,read,8,user,0,none
2026-08-10 09:57:00,user_004,source_code_repo,read,8,user,0,none
2026-08-10 09:58:00,user_030,customer_data,read,1,user,0,none
2026-08-10 09:58:00,user_029,admin_console,read,4,user,0,none
2026-08-10 10:00:00,user_014,customer_data,read,6,user,0,none
2026-08-10 10:00:00,user_008,source_code_repo,read,2,user,0,none
2026-08-10 10:01:00,user_019,billing_system,read,8,user,0,none
2026-08-10 10:02:00,user_028,billing_system,read,2,user,0,none
2026-08-10 10:10:00,user_021,customer_data,read,1,user,0,none
2026-08-10 10:11:00,user_008,reports_db,read,6,user,0,none
2026-08-10 10:11:00,user_014,billing_system,read,9,user,0,none
2026-08-10 10:11:00,user_034,customer_data,read,4,user,0,none
2026-08-10 10:12:00,user_008,email_server,read,7,user,0,none
2026-08-10 10:13:00,user_019,customer_data,read,6,user,0,none
2026-08-10 10:17:00,user_011,reports_db,read,6,user,0,none
2026-08-10 10:22:00,user_030,email_server,read,2,user,0,none
2026-08-10 10:23:00,user_032,source_code_repo,read,3,user,0,none
2026-08-10 10:24:00,user_029,customer_data,read,4,user,0,none
2026-08-10 10:26:00,user_014,source_code_repo,read,4,user,0,none
2026-08-10 10:27:00,user_028,customer_data,read,9,user,0,none
2026-08-10 10:28:00,user_005,reports_db,read,3,user,0,none
2026-08-10 10:30:00,user_009,billing_system,read,4,user,0,none
2026-08-10 10:33:00,user_021,admin_console,read,9,user,0,none
2026-08-10 10:33:00,user_035,billing_system,read,2,user,0,none
2026-08-10 10:35:00,user_007,reports_db,read,5,user,0,none
2026-08-10 10:35:00,user_012,hr_portal,read,7,user,0,none
2026-08-10 10:38:00,user_015,finance_db,read,8,user,0,none
2026-08-10 10:39:00,user_033,billing_system,read,4,user,0,none
2026-08-10 10:45:00,user_013,finance_db,read,3,user,0,none
2026-08-10 10:48:00,user_027,finance_db,read,4,user,0,none
2026-08-10 10:48:00,user_010,billing_system,read,9,user,0,none
2026-08-10 10:53:00,user_001,reports_db,read,6,user,0,none
2026-08-10 10:54:00,user_001,source_code_repo,read,9,user,0,none
2026-08-10 10:57:00,user_038,customer_data,read,3,user,0,none
2026-08-10 11:00:00,user_031,customer_data,read,2,user,0,none
2026-08-10 11:01:00,user_031,source_code_repo,read,1,user,0,none
2026-08-10 11:02:00,user_022,finance_db,read,1,user,0,none
2026-08-10 11:03:00,user_024,hr_portal,read,8,user,0,none
2026-08-10 11:04:00,user_023,admin_console,read,6,user,0,none
2026-08-10 11:05:00,user_031,source_code_repo,read,2,user,0,none
2026-08-10 11:07:00,user_019,customer_data,read,5,user,0,none
2026-08-10 11:08:00,user_026,finance_db,read,7,user,0,none
2026-08-10 11:09:00,user_002,source_code_repo,read,6,user,0,none
2026-08-10 11:09:00,user_029,reports_db,read,8,user,0,none
2026-08-10 11:10:00,user_005,customer_data,read,3,user,0,none
2026-08-10 11:10:00,user_034,source_code_repo,read,6,user,0,none
2026-08-10 11:13:00,user_021,email_server,read,9,user,0,none
2026-08-10 11:14:00,user_030,hr_portal,read,7,user,0,none
2026-08-10 11:16:00,user_015,admin_console,read,9,user,0,none
2026-08-10 11:17:00,user_023,reports_db,read,5,user,0,none
2026-08-10 11:17:00,user_003,finance_db,read,9,user,0,none
2026-08-10 11:19:00,user_017,finance_db,read,7,user,0,none
2026-08-10 11:20:00,user_025,customer_data,read,6,user,0,none
2026-08-10 11:22:00,user_002,admin_console,read,7,user,0,none
2026-08-10 11:23:00,user_031,customer_data,read,7,user,0,none
2026-08-10 11:25:00,user_014,reports_db,read,1,user,0,none
2026-08-10 11:27:00,user_001,source_code_repo,read,7,user,0,none
2026-08-10 11:29:00,user_032,finance_db,read,7,user,0,none
2026-08-10 11:29:00,user_040,reports_db,read,4,user,0,none
2026-08-10 11:30:00,user_023,hr_portal,read,5,user,0,none
2026-08-10 11:31:00,user_019,customer_data,read,4,user,0,none
2026-08-10 11:31:00,user_027,admin_console,read,5,user,0,none
2026-08-10 11:32:00,user_011,admin_console,read,2,user,0,none
2026-08-10 11:33:00,user_030,billing_system,read,2,user,0,none
2026-08-10 11:34:00,user_011,admin_console,read,4,user,0,none
2026-08-10 11:36:00,user_011,admin_console,read,4,user,0,none
2026-08-10 11:36:00,user_022,email_server,read,7,user,0,none
2026-08-10 11:37:00,user_025,admin_console,read,1,user,0,none
2026-08-10 11:38:00,user_015,admin_console,read,8,user,0,none
2026-08-10 11:38:00,user_011,finance_db,read,4,user,0,none
2026-08-10 11:38:00,user_030,reports_db,read,3,user,0,none
2026-08-10 11:39:00,user_012,hr_portal,read,2,user,0,none
2026-08-10 11:40:00,user_017,reports_db,read,8,user,0,none
2026-08-10 11:40:00,user_002,email_server,read,2,user,0,none
2026-08-10 11:40:00,user_028,reports_db,read,8,user,0,none
2026-08-10 11:42:00,user_040,source_code_repo,read,1,user,0,none
2026-08-10 11:44:00,user_007,source_code_repo,read,9,user,0,none
2026-08-10 11:46:00,user_036,reports_db,read,9,user,0,none
2026-08-10 11:49:00,user_024,billing_system,read,7,user,0,none
2026-08-10 11:51:00,user_010,admin_console,read,3,user,0,none
2026-08-10 11:53:00,user_010,admin_console,read,2,user,0,none
2026-08-10 11:56:00,user_017,hr_portal,read,8,user,0,none
2026-08-10 11:57:00,user_028,admin_console,read,8,user,0,none
2026-08-10 11:58:00,user_024,source_code_repo,read,7,user,0,none
2026-08-10 11:58:00,user_008,hr_portal,read,8,user,0,none
2026-08-10 12:00:00,user_020,finance_db,read,3,user,0,none
2026-08-10 12:01:00,user_011,source_code_repo,read,4,user,0,none
2026-08-10 12:04:00,user_010,customer_data,read,2,user,0,none
2026-08-10 12:08:00,user_021,source_code_repo,read,3,user,0,none
2026-08-10 12:12:00,user_038,hr_portal,read,1,user,0,none
2026-08-10 12:14:00,user_032,admin_console,read,5,user,0,none
2026-08-10 12:14:00,user_005,email_server,read,2,user,0,none
2026-08-10 12:16:00,user_010,hr_portal,read,2,user,0,none
2026-08-10 12:16:00,user_022,hr_portal,read,2,user,0,none
2026-08-10 12:23:00,user_034,hr_portal,read,2,user,0,none
2026-08-10 12:24:00,user_027,customer_data,read,2,user,0,none
2026-08-10 12:24:00,user_035,billing_system,read,6,user,0,none
2026-08-10 12:25:00,user_038,email_server,read,6,user,0,none
2026-08-10 12:28:00,user_013,billing_system,read,7,user,0,none
2026-08-10 12:29:00,user_026,customer_data,read,1,user,0,none
2026-08-10 12:31:00,user_036,source_code_repo,read,6,user,0,none
2026-08-10 12:34:00,user_012,admin_console,read,6,user,0,none
2026-08-10 12:35:00,user_015,billing_system,read,8,user,0,none
2026-08-10 12:39:00,user_024,email_server,read,6,user,0,none
2026-08-10 12:41:00,user_020,finance_db,read,4,user,0,none
2026-08-10 12:41:00,user_032,finance_db,read,9,user,0,none
2026-08-10 12:44:00,user_021,finance_db,read,8,user,0,none
2026-08-10 12:45:00,user_030,reports_db,read,5,user,0,none
2026-08-10 12:50:00,user_027,email_server,read,7,user,0,none
2026-08-10 12:53:00,user_025,finance_db,read,7,user,0,none
2026-08-10 12:53:00,user_007,email_server,read,2,user,0,none
2026-08-10 12:55:00,user_004,source_code_repo,read,1,user,0,none
2026-08-10 12:55:00,user_035,customer_data,read,2,user,0,none
2026-08-10 13:00:00,user_006,hr_portal,read,6,user,0,none
2026-08-10 13:12:00,user_006,finance_db,read,3,user,0,none
2026-08-10 13:15:00,user_018,billing_system,read,8,user,0,none
2026-08-10 13:17:00,user_014,admin_console,read,7,user,0,none
2026-08-10 13:18:00,user_030,billing_system,read,9,user,0,none
2026-08-10 13:18:00,user_031,hr_portal,read,7,user,0,none
2026-08-10 13:21:00,user_005,email_server,read,4,user,0,none
2026-08-10 13:23:00,user_008,hr_portal,read,7,user,0,none
2026-08-10 13:23:00,user_021,source_code_repo,read,4,user,0,none
2026-08-10 13:24:00,user_020,email_server,read,3,user,0,none
2026-08-10 13:25:00,user_017,admin_console,read,9,user,0,none
2026-08-10 13:25:00,user_034,reports_db,read,4,user,0,none
2026-08-10 13:29:00,user_039,billing_system,read,1,user,0,none
2026-08-10 13:29:00,user_011,billing_system,read,7,user,0,none
2026-08-10 13:30:00,user_038,hr_portal,read,9,user,0,none
2026-08-10 13:32:00,user_016,hr_portal,read,5,user,0,none
2026-08-10 13:33:00,user_038,source_code_repo,read,9,user,0,none
2026-08-10 13:36:00,user_007,reports_db,read,9,user,0,none
2026-08-10 13:36:00,user_011,customer_data,read,3,user,0,none
2026-08-10 13:37:00,user_035,source_code_repo,read,5,user,0,none
2026-08-10 13:38:00,user_016,finance_db,read,4,user,0,none
2026-08-10 13:41:00,user_035,source_code_repo,read,6,user,0,none
2026-08-10 13:46:00,user_001,billing_system,read,8,user,0,none
2026-08-10 13:52:00,user_020,billing_system,read,5,user,0,none
2026-08-10 13:52:00,user_033,admin_console,read,1,user,0,none
2026-08-10 13:53:00,user_005,source_code_repo,read,8,user,0,none
2026-08-10 13:53:00,user_033,admin_console,read,1,user,0,none
2026-08-10 13:54:00,user_037,reports_db,read,4,user,0,none
2026-08-10 14:02:00,user_019,admin_console,read,4,user,0,none
2026-08-10 14:09:00,user_021,hr_portal,read,3,user,0,none
2026-08-10 14:10:00,user_040,billing_system,read,3,user,0,none
2026-08-10 14:11:00,user_019,finance_db,read,8,user,0,none
2026-08-10 14:13:00,user_011,billing_system,read,9,user,0,none
2026-08-10 14:26:00,user_001,hr_portal,read,8,user,0,none
2026-08-10 14:27:00,user_002,customer_data,read,8,user,0,none
2026-08-10 14:29:00,user_016,email_server,read,1,user,0,none
2026-08-10 14:29:00,user_013,reports_db,read,4,user,0,none
2026-08-10 14:30:00,user_018,finance_db,read,5,user,0,none
2026-08-10 14:31:00,user_004,hr_portal,read,5,user,0,none
2026-08-10 14:33:00,user_028,customer_data,read,5,user,0,none
2026-08-10 14:33:00,user_037,hr_portal,read,8,user,0,none
2026-08-10 14:36:00,user_023,customer_data,read,1,user,0,none
2026-08-10 14:40:00,user_019,email_server,read,2,user,0,none
2026-08-10 14:40:00,user_032,email_server,read,1,user,0,none
2026-08-10 14:43:00,user_022,source_code_repo,read,3,user,0,none
2026-08-10 14:47:00,user_031,reports_db,read,5,user,0,none
2026-08-10 14:47:00,user_007,hr_portal,read,3,user,0,none
2026-08-10 14:56:00,user_014,finance_db,read,7,user,0,none
2026-08-10 14:58:00,user_037,source_code_repo,read,7,user,0,none
2026-08-10 15:01:00,user_001,hr_portal,read,9,user,0,none
2026-08-10 15:02:00,user_008,source_code_repo,read,7,user,0,none
2026-08-10 15:02:00,user_007,email_server,read,9,user,0,none
2026-08-10 15:03:00,user_014,hr_portal,read,8,user,0,none
2026-08-10 15:04:00,user_007,billing_system,read,6,user,0,none
2026-08-10 15:06:00,user_012,customer_data,read,5,user,0,none
2026-08-10 15:07:00,user_034,email_server,read,5,user,0,none
2026-08-10 15:09:00,user_005,customer_data,read,5,user,0,none
2026-08-10 15:10:00,user_014,hr_portal,read,8,user,0,none
2026-08-10 15:11:00,user_033,customer_data,read,8,user,0,none
2026-08-10 15:11:00,user_003,email_server,read,1,user,0,none
2026-08-10 15:12:00,user_004,email_server,read,7,user,0,none
2026-08-10 15:14:00,user_034,billing_system,read,2,user,0,none
2026-08-10 15:14:00,user_005,email_server,read,1,user,0,none
2026-08-10 15:16:00,user_029,hr_portal,read,6,user,0,none
2026-08-10 15:17:00,user_004,admin_console,read,5,user,0,none
2026-08-10 15:17:00,user_001,reports_db,read,7,user,0,none
2026-08-10 15:18:00,user_028,hr_portal,read,8,user,0,none
2026-08-10 15:20:00,user_022,hr_portal,read,8,user,0,none
2026-08-10 15:20:00,user_005,billing_system,read,1,user,0,none
2026-08-10 15:21:00,user_008,customer_data,read,9,user,0,none
2026-08-10 15:23:00,user_029,customer_data,read,6,user,0,none
2026-08-10 15:26:00,user_010,reports_db,read,4,user,0,none
2026-08-10 15:29:00,user_020,finance_db,read,9,user,0,none
2026-08-10 15:30:00,user_029,email_server,read,2,user,0,none
2026-08-10 15:42:00,user_016,admin_console,read,3,user,0,none
2026-08-10 15:45:00,user_037,finance_db,read,8,user,0,none
2026-08-10 15:47:00,user_036,source_code_repo,read,2,user,0,none
2026-08-10 15:49:00,user_028,source_code_repo,read,9,user,0,none
2026-08-10 15:51:00,user_037,finance_db,read,5,user,0,none
2026-08-10 15:51:00,user_029,billing_system,read,5,user,0,none
2026-08-10 15:51:00,user_007,source_code_repo,read,8,user,0,none
2026-08-10 15:52:00,user_032,admin_console,read,7,user,0,none
2026-08-10 15:52:00,user_022,customer_data,read,6,user,0,none
2026-08-10 15:58:00,user_037,admin_console,read,2,user,0,none
2026-08-10 16:00:00,user_017,email_server,read,9,user,0,none
2026-08-10 16:00:00,user_025,billing_system,read,5,user,0,none
2026-08-10 16:02:00,user_001,email_server,read,3,user,0,none
2026-08-10 16:03:00,user_021,reports_db,read,7,user,0,none
2026-08-10 16:06:00,user_027,hr_portal,read,2,user,0,none
2026-08-10 16:06:00,user_034,billing_system,read,7,user,0,none
2026-08-10 16:08:00,user_006,finance_db,read,9,user,0,none
2026-08-10 16:11:00,user_022,customer_data,read,1,user,0,none
2026-08-10 16:19:00,user_009,billing_system,read,8,user,0,none
2026-08-10 16:19:00,user_040,finance_db,read,1,user,0,none
2026-08-10 16:22:00,user_003,hr_portal,read,9,user,0,none
2026-08-10 16:23:00,user_016,admin_console,read,3,user,0,none
2026-08-10 16:24:00,user_013,source_code_repo,read,3,user,0,none
2026-08-10 16:27:00,user_011,hr_portal,read,2,user,0,none
2026-08-10 16:28:00,user_017,admin_console,read,3,user,0,none
2026-08-10 16:28:00,user_025,admin_console,read,7,user,0,none
2026-08-10 16:30:00,user_012,hr_portal,read,5,user,0,none
2026-08-10 16:30:00,user_009,admin_console,read,9,user,0,none
2026-08-10 16:33:00,user_032,customer_data,read,2,user,0,none
2026-08-10 16:33:00,user_028,source_code_repo,read,5,user,0,none
2026-08-10 16:34:00,user_016,source_code_repo,read,6,user,0,none
2026-08-10 16:34:00,user_018,reports_db,read,7,user,0,none
2026-08-10 16:36:00,user_007,customer_data,read,4,user,0,none
2026-08-10 16:37:00,user_028,source_code_repo,read,2,user,0,none
2026-08-10 16:38:00,user_025,admin_console,read,9,user,0,none
2026-08-10 16:40:00,user_001,hr_portal,read,5,user,0,none
2026-08-10 16:53:00,user_022,source_code_repo,read,8,user,0,none
2026-08-10 16:54:00,user_010,source_code_repo,read,7,user,0,none
2026-08-10 16:54:00,user_015,admin_console,read,7,user,0,none
2026-08-10 16:57:00,user_016,customer_data,read,4,user,0,none
2026-08-10 16:58:00,user_007,source_code_repo,read,3,user,0,none
2026-08-10 17:01:00,user_037,customer_data,read,9,user,0,none
2026-08-10 17:01:00,user_025,source_code_repo,read,1,user,0,none
2026-08-10 17:02:00,user_040,email_server,read,4,user,0,none
2026-08-10 17:07:00,user_038,email_server,read,2,user,0,none
2026-08-10 17:08:00,user_035,hr_portal,read,5,user,0,none
2026-08-10 17:10:00,user_010,email_server,read,8,user,0,none
2026-08-10 17:11:00,user_012,admin_console,read,1,user,0,none
2026-08-10 17:13:00,user_033,hr_portal,read,5,user,0,none
2026-08-10 17:15:00,user_001,hr_portal,read,2,user,0,none
2026-08-10 17:19:00,user_018,admin_console,read,5,user,0,none
2026-08-10 17:20:00,user_015,source_code_repo,read,6,user,0,none
2026-08-10 17:21:00,user_035,reports_db,read,9,user,0,none
2026-08-10 17:24:00,user_006,reports_db,read,2,user,0,none
2026-08-10 17:28:00,user_016,admin_console,read,8,user,0,none
2026-08-10 17:28:00,user_019,reports_db,read,6,user,0,none
2026-08-10 17:32:00,user_040,hr_portal,read,1,user,0,none
2026-08-10 17:35:00,user_019,finance_db,read,4,user,0,none
2026-08-10 17:35:00,user_031,customer_data,read,6,user,0,none
2026-08-10 17:37:00,user_029,admin_console,read,3,user,0,none
2026-08-10 17:39:00,user_019,customer_data,read,8,user,0,none
2026-08-10 17:43:00,user_004,admin_console,read,9,user,0,none
2026-08-10 17:46:00,user_033,hr_portal,read,1,user,0,none
2026-08-10 17:48:00,user_018,reports_db,read,8,user,0,none
2026-08-10 17:50:00,user_013,hr_portal,read,9,user,0,none
2026-08-10 17:50:00,user_010,email_server,read,8,user,0,none
2026-08-10 17:51:00,user_019,hr_portal,read,2,user,0,none
2026-08-10 17:52:00,user_029,source_code_repo,read,8,user,0,none
2026-08-10 17:54:00,user_022,reports_db,read,1,user,0,none
2026-08-10 17:57:00,user_012,source_code_repo,read,2,user,0,none
2026-08-10 17:57:00,user_008,hr_portal,read,2,user,0,none
2026-08-10 17:57:00,user_015,source_code_repo,read,8,user,0,none
2026-08-10 17:58:00,user_004,hr_portal,read,5,user,0,none
2026-08-11 02:03:00,user_038,admin_console,privilege_escalation,0,admin,1,privilege_escalation
2026-08-11 02:04:00,user_038,customer_data,download,311,admin,1,data_exfiltration
2026-08-11 09:02:00,user_024,source_code_repo,read,4,user,0,none
2026-08-11 09:03:00,user_006,admin_console,read,3,user,0,none
2026-08-11 09:06:00,user_017,email_server,read,5,user,0,none
2026-08-11 09:06:00,user_031,reports_db,read,6,user,0,none
2026-08-11 09:07:00,user_018,finance_db,read,6,user,0,none
2026-08-11 09:08:00,user_001,source_code_repo,read,4,user,0,none
2026-08-11 09:09:00,user_033,email_server,read,2,user,0,none
2026-08-11 09:11:00,user_030,admin_console,read,2,user,0,none
2026-08-11 09:12:00,user_015,reports_db,read,2,user,0,none
2026-08-11 09:14:00,user_012,hr_portal,read,9,user,0,none
2026-08-11 09:15:00,user_022,billing_system,read,3,user,0,none
2026-08-11 09:18:00,user_026,reports_db,read,2,user,0,none
2026-08-11 09:18:00,user_010,customer_data,read,2,user,0,none
2026-08-11 09:19:00,user_005,admin_console,read,3,user,0,none
2026-08-11 09:20:00,user_006,customer_data,read,8,user,0,none
2026-08-11 09:23:00,user_023,reports_db,read,1,user,0,none
2026-08-11 09:24:00,user_020,source_code_repo,read,7,user,0,none
2026-08-11 09:24:00,user_010,reports_db,read,6,user,0,none
2026-08-11 09:29:00,user_007,admin_console,read,1,user,0,none
2026-08-11 09:29:00,user_031,email_server,read,8,user,0,none
2026-08-11 09:36:00,user_019,hr_portal,read,3,user,0,none
2026-08-11 09:38:00,user_039,email_server,read,3,user,0,none
2026-08-11 09:39:00,user_019,hr_portal,read,7,user,0,none
2026-08-11 09:39:00,user_018,billing_system,read,4,user,0,none
2026-08-11 09:40:00,user_024,customer_data,read,9,user,0,none
2026-08-11 09:40:00,user_008,billing_system,read,4,user,0,none
2026-08-11 09:40:00,user_031,reports_db,read,1,user,0,none
2026-08-11 09:41:00,user_040,billing_system,read,8,user,0,none
2026-08-11 09:42:00,user_002,hr_portal,read,9,user,0,none
2026-08-11 09:44:00,user_005,email_server,read,2,user,0,none
2026-08-11 09:44:00,user_037,email_server,read,8,user,0,none
2026-08-11 09:44:00,user_001,hr_portal,read,3,user,0,none
2026-08-11 09:47:00,user_037,admin_console,read,2,user,0,none
2026-08-11 09:48:00,user_039,billing_system,read,2,user,0,none
2026-08-11 09:50:00,user_035,billing_system,read,3,user,0,none
2026-08-11 09:50:00,user_038,finance_db,read,6,user,0,none
2026-08-11 09:51:00,user_021,source_code_repo,read,9,user,0,none
2026-08-11 09:53:00,user_010,finance_db,read,9,user,0,none
2026-08-11 09:53:00,user_014,reports_db,read,3,user,0,none
2026-08-11 09:54:00,user_018,billing_system,read,2,user,0,none
2026-08-11 09:54:00,user_040,admin_console,read,7,user,0,none
2026-08-11 09:56:00,user_010,finance_db,read,6,user,0,none
2026-08-11 10:01:00,user_017,admin_console,read,3,user,0,none
2026-08-11 10:01:00,user_011,reports_db,read,5,user,0,none
2026-08-11 10:01:00,user_029,source_code_repo,read,3,user,0,none
2026-08-11 10:03:00,user_021,hr_portal,read,1,user,0,none
2026-08-11 10:05:00,user_013,email_server,read,1,user,0,none
2026-08-11 10:06:00,user_027,customer_data,read,6,user,0,none
2026-08-11 10:06:00,user_025,source_code_repo,read,8,user,0,none
2026-08-11 10:09:00,user_004,billing_system,read,9,user,0,none
2026-08-11 10:17:00,user_009,source_code_repo,read,8,user,0,none
2026-08-11 10:18:00,user_028,admin_console,read,4,user,0,none
2026-08-11 10:19:00,user_011,source_code_repo,read,6,user,0,none
2026-08-11 10:21:00,user_017,customer_data,read,2,user,0,none
2026-08-11 10:24:00,user_039,reports_db,read,3,user,0,none
2026-08-11 10:26:00,user_033,customer_data,read,6,user,0,none
2026-08-11 10:29:00,user_016,customer_data,read,9,user,0,none
2026-08-11 10:30:00,user_033,source_code_repo,read,3,user,0,none
2026-08-11 10:32:00,user_020,email_server,read,6,user,0,none
2026-08-11 10:33:00,user_023,hr_portal,read,4,user,0,none
2026-08-11 10:33:00,user_002,customer_data,read,8,user,0,none
2026-08-11 10:38:00,user_003,finance_db,read,4,user,0,none
2026-08-11 10:39:00,user_005,hr_portal,read,6,user,0,none
2026-08-11 10:40:00,user_021,reports_db,read,2,user,0,none
2026-08-11 10:40:00,user_002,finance_db,read,6,user,0,none
2026-08-11 10:42:00,user_030,customer_data,read,3,user,0,none
2026-08-11 10:43:00,user_009,billing_system,read,5,user,0,none
2026-08-11 10:44:00,user_011,hr_portal,read,6,user,0,none
2026-08-11 10:44:00,user_014,source_code_repo,read,2,user,0,none
2026-08-11 10:45:00,user_012,admin_console,read,5,user,0,none
2026-08-11 10:46:00,user_035,billing_system,read,6,user,0,none
2026-08-11 10:47:00,user_013,source_code_repo,read,5,user,0,none
2026-08-11 10:47:00,user_034,admin_console,read,6,user,0,none
2026-08-11 10:50:00,user_014,admin_console,read,4,user,0,none
2026-08-11 10:53:00,user_022,email_server,read,2,user,0,none
2026-08-11 10:53:00,user_038,email_server,read,5,user,0,none
2026-08-11 10:55:00,user_018,source_code_repo,read,4,user,0,none
2026-08-11 10:56:00,user_003,hr_portal,read,8,user,0,none
2026-08-11 10:58:00,user_002,admin_console,read,8,user,0,none
2026-08-11 11:00:00,user_024,customer_data,read,8,user,0,none
2026-08-11 11:01:00,user_026,billing_system,read,9,user,0,none
2026-08-11 11:06:00,user_030,email_server,read,7,user,0,none
2026-08-11 11:08:00,user_001,reports_db,read,7,user,0,none
2026-08-11 11:10:00,user_026,admin_console,read,2,user,0,none
2026-08-11 11:12:00,user_030,hr_portal,read,2,user,0,none
2026-08-11 11:14:00,user_009,reports_db,read,4,user,0,none
2026-08-11 11:15:00,user_027,finance_db,read,6,user,0,none
2026-08-11 11:16:00,user_028,finance_db,read,6,user,0,none
2026-08-11 11:17:00,user_022,customer_data,read,7,user,0,none
2026-08-11 11:21:00,user_019,billing_system,read,4,user,0,none
2026-08-11 11:21:00,user_032,source_code_repo,read,9,user,0,none
2026-08-11 11:23:00,user_019,customer_data,read,5,user,0,none
2026-08-11 11:23:00,user_006,reports_db,read,1,user,0,none
2026-08-11 11:24:00,user_036,billing_system,read,9,user,0,none
2026-08-11 11:26:00,user_009,finance_db,read,5,user,0,none
2026-08-11 11:30:00,user_007,billing_system,read,2,user,0,none
2026-08-11 11:34:00,user_005,source_code_repo,read,6,user,0,none
2026-08-11 11:37:00,user_032,reports_db,read,8,user,0,none
2026-08-11 11:38:00,user_032,customer_data,read,1,user,0,none
2026-08-11 11:41:00,user_002,email_server,read,3,user,0,none
2026-08-11 11:43:00,user_006,finance_db,read,8,user,0,none
2026-08-11 11:50:00,user_039,source_code_repo,read,1,user,0,none
2026-08-11 11:50:00,user_030,email_server,read,8,user,0,none
2026-08-11 11:52:00,user_021,billing_system,read,9,user,0,none
2026-08-11 11:56:00,user_027,email_server,read,8,user,0,none
2026-08-11 12:02:00,user_010,email_server,read,1,user,0,none
2026-08-11 12:03:00,user_010,reports_db,read,7,user,0,none
2026-08-11 12:04:00,user_009,finance_db,read,6,user,0,none
2026-08-11 12:09:00,user_027,finance_db,read,1,user,0,none
2026-08-11 12:10:00,user_038,finance_db,read,8,user,0,none
2026-08-11 12:11:00,user_034,admin_console,read,8,user,0,none
2026-08-11 12:12:00,user_005,source_code_repo,read,8,user,0,none
2026-08-11 12:15:00,user_014,hr_portal,read,5,user,0,none
2026-08-11 12:15:00,user_025,customer_data,read,7,user,0,none
2026-08-11 12:15:00,user_014,email_server,read,2,user,0,none
2026-08-11 12:17:00,user_014,admin_console,read,5,user,0,none
2026-08-11 12:22:00,user_007,finance_db,read,2,user,0,none
2026-08-11 12:33:00,user_012,customer_data,read,5,user,0,none
2026-08-11 12:34:00,user_009,billing_system,read,8,user,0,none
2026-08-11 12:34:00,user_030,email_server,read,8,user,0,none
2026-08-11 12:37:00,user_022,finance_db,read,1,user,0,none
2026-08-11 12:41:00,user_009,billing_system,read,7,user,0,none
2026-08-11 12:46:00,user_026,hr_portal,read,9,user,0,none
2026-08-11 12:47:00,user_012,reports_db,read,9,user,0,none
2026-08-11 12:48:00,user_032,finance_db,read,9,user,0,none
2026-08-11 12:48:00,user_016,finance_db,read,2,user,0,none
2026-08-11 12:50:00,user_004,finance_db,read,5,user,0,none
2026-08-11 12:53:00,user_027,billing_system,read,9,user,0,none
2026-08-11 13:01:00,user_022,billing_system,read,1,user,0,none
2026-08-11 13:05:00,user_022,customer_data,read,6,user,0,none
2026-08-11 13:09:00,user_026,hr_portal,read,3,user,0,none
2026-08-11 13:12:00,user_024,reports_db,read,9,user,0,none
2026-08-11 13:16:00,user_035,customer_data,read,2,user,0,none
2026-08-11 13:16:00,user_026,email_server,read,3,user,0,none
2026-08-11 13:18:00,user_009,email_server,read,7,user,0,none
2026-08-11 13:22:00,user_010,reports_db,read,8,user,0,none
2026-08-11 13:26:00,user_005,finance_db,read,5,user,0,none
2026-08-11 13:26:00,user_011,finance_db,read,8,user,0,none
2026-08-11 13:28:00,user_007,admin_console,read,5,user,0,none
2026-08-11 13:30:00,user_008,admin_console,read,5,user,0,none
2026-08-11 13:30:00,user_024,customer_data,read,7,user,0,none
2026-08-11 13:34:00,user_017,customer_data,read,4,user,0,none
2026-08-11 13:35:00,user_002,admin_console,read,8,user,0,none
2026-08-11 13:36:00,user_026,email_server,read,7,user,0,none
2026-08-11 13:39:00,user_026,reports_db,read,1,user,0,none
2026-08-11 13:39:00,user_014,hr_portal,read,9,user,0,none
2026-08-11 13:42:00,user_034,admin_console,read,3,user,0,none
2026-08-11 13:45:00,user_021,email_server,read,2,user,0,none
2026-08-11 13:46:00,user_039,finance_db,read,4,user,0,none
2026-08-11 13:50:00,user_017,customer_data,read,6,user,0,none
2026-08-11 13:52:00,user_038,admin_console,read,3,user,0,none
2026-08-11 13:53:00,user_016,admin_console,read,2,user,0,none
2026-08-11 13:54:00,user_013,hr_portal,read,8,user,0,none
2026-08-11 13:55:00,user_032,finance_db,read,5,user,0,none
2026-08-11 13:56:00,user_014,email_server,read,5,user,0,none
2026-08-11 13:56:00,user_037,source_code_repo,read,2,user,0,none
2026-08-11 13:56:00,user_006,customer_data,read,4,user,0,none
2026-08-11 13:57:00,user_026,hr_portal,read,8,user,0,none
2026-08-11 13:57:00,user_026,source_code_repo,read,1,user,0,none
2026-08-11 13:58:00,user_039,hr_portal,read,8,user,0,none
2026-08-11 13:58:00,user_035,source_code_repo,read,1,user,0,none
2026-08-11 14:02:00,user_036,customer_data,read,5,user,0,none
2026-08-11 14:02:00,user_037,email_server,read,2,user,0,none
2026-08-11 14:03:00,user_025,admin_console,read,7,user,0,none
2026-08-11 14:05:00,user_009,email_server,read,3,user,0,none
2026-08-11 14:05:00,user_005,reports_db,read,3,user,0,none
2026-08-11 14:09:00,user_003,hr_portal,read,7,user,0,none
2026-08-11 14:10:00,user_016,reports_db,read,7,user,0,none
2026-08-11 14:11:00,user_014,email_server,read,5,user,0,none
2026-08-11 14:15:00,user_013,email_server,read,9,user,0,none
2026-08-11 14:15:00,user_030,hr_portal,read,6,user,0,none
2026-08-11 14:16:00,user_005,admin_console,read,6,user,0,none
2026-08-11 14:16:00,user_005,source_code_repo,read,3,user,0,none
2026-08-11 14:17:00,user_018,admin_console,read,2,user,0,none
2026-08-11 14:18:00,user_037,customer_data,read,1,user,0,none
2026-08-11 14:20:00,user_031,admin_console,read,6,user,0,none
2026-08-11 14:21:00,user_029,billing_system,read,2,user,0,none
2026-08-11 14:22:00,user_001,email_server,read,5,user,0,none
2026-08-11 14:23:00,user_021,hr_portal,read,3,user,0,none
2026-08-11 14:28:00,user_017,finance_db,read,3,user,0,none
2026-08-11 14:29:00,user_039,reports_db,read,7,user,0,none
2026-08-11 14:31:00,user_019,customer_data,read,7,user,0,none
2026-08-11 14:32:00,user_008,hr_portal,read,7,user,0,none
2026-08-11 14:34:00,user_001,hr_portal,read,7,user,0,none
2026-08-11 14:34:00,user_037,finance_db,read,3,user,0,none
2026-08-11 14:36:00,user_006,hr_portal,read,4,user,0,none
2026-08-11 14:38:00,user_027,billing_system,read,3,user,0,none
2026-08-11 14:42:00,user_012,email_server,read,6,user,0,none
2026-08-11 14:45:00,user_026,admin_console,read,4,user,0,none
2026-08-11 14:48:00,user_004,admin_console,read,8,user,0,none
2026-08-11 14:52:00,user_035,hr_portal,read,9,user,0,none
2026-08-11 14:53:00,user_022,reports_db,read,8,user,0,none
2026-08-11 14:55:00,user_037,finance_db,read,4,user,0,none
2026-08-11 14:56:00,user_036,hr_portal,read,5,user,0,none
2026-08-11 15:00:00,user_022,reports_db,read,9,user,0,none
2026-08-11 15:00:00,user_033,email_server,read,4,user,0,none
2026-08-11 15:01:00,user_033,admin_console,read,8,user,0,none
2026-08-11 15:02:00,user_030,hr_portal,read,5,user,0,none
2026-08-11 15:03:00,user_030,hr_portal,read,8,user,0,none
2026-08-11 15:03:00,user_035,admin_console,read,6,user,0,none
2026-08-11 15:04:00,user_008,email_server,read,3,user,0,none
2026-08-11 15:04:00,user_004,admin_console,read,5,user,0,none
2026-08-11 15:05:00,user_013,billing_system,read,7,user,0,none
2026-08-11 15:10:00,user_019,admin_console,read,2,user,0,none
2026-08-11 15:11:00,user_023,reports_db,read,2,user,0,none
2026-08-11 15:11:00,user_018,finance_db,read,5,user,0,none
2026-08-11 15:15:00,user_036,source_code_repo,read,7,user,0,none
2026-08-11 15:23:00,user_038,admin_console,read,3,user,0,none
2026-08-11 15:23:00,user_031,email_server,read,7,user,0,none
2026-08-11 15:27:00,user_024,billing_system,read,8,user,0,none
2026-08-11 15:28:00,user_025,billing_system,read,3,user,0,none
2026-08-11 15:30:00,user_021,billing_system,read,6,user,0,none
2026-08-11 15:33:00,user_012,reports_db,read,4,user,0,none
2026-08-11 15:36:00,user_033,email_server,read,2,user,0,none
2026-08-11 15:36:00,user_008,finance_db,read,1,user,0,none
2026-08-11 15:36:00,user_032,source_code_repo,read,6,user,0,none
2026-08-11 15:36:00,user_025,source_code_repo,read,8,user,0,none
2026-08-11 15:37:00,user_019,email_server,read,6,user,0,none
2026-08-11 15:37:00,user_021,admin_console,read,7,user,0,none
2026-08-11 15:39:00,user_025,reports_db,read,8,user,0,none
2026-08-11 15:39:00,user_020,billing_system,read,2,user,0,none
2026-08-11 15:40:00,user_040,customer_data,read,1,user,0,none
2026-08-11 15:41:00,user_029,admin_console,read,1,user,0,none
2026-08-11 15:41:00,user_007,reports_db,read,1,user,0,none
2026-08-11 15:41:00,user_032,finance_db,read,4,user,0,none
2026-08-11 15:43:00,user_007,admin_console,read,6,user,0,none
2026-08-11 15:43:00,user_006,reports_db,read,9,user,0,none
2026-08-11 15:44:00,user_007,hr_portal,read,5,user,0,none
2026-08-11 15:48:00,user_011,admin_console,read,7,user,0,none
2026-08-11 15:53:00,user_001,billing_system,read,2,user,0,none
2026-08-11 15:54:00,user_017,billing_system,read,4,user,0,none
2026-08-11 15:56:00,user_016,finance_db,read,2,user,0,none
2026-08-11 15:56:00,user_022,billing_system,read,1,user,0,none
2026-08-11 15:56:00,user_017,hr_portal,read,5,user,0,none
2026-08-11 15:57:00,user_030,finance_db,read,7,user,0,none
2026-08-11 15:58:00,user_024,billing_system,read,3,user,0,none
2026-08-11 16:00:00,user_040,hr_portal,read,1,user,0,none
2026-08-11 16:03:00,user_028,billing_system,read,1,user,0,none
2026-08-11 16:03:00,user_036,email_server,read,9,user,0,none
2026-08-11 16:07:00,user_012,email_server,read,3,user,0,none
2026-08-11 16:07:00,user_034,customer_data,read,4,user,0,none
2026-08-11 16:07:00,user_019,hr_portal,read,7,user,0,none
2026-08-11 16:10:00,user_002,customer_data,read,7,user,0,none
2026-08-11 16:12:00,user_033,reports_db,read,5,user,0,none
2026-08-11 16:16:00,user_018,finance_db,read,1,user,0,none
2026-08-11 16:19:00,user_004,customer_data,read,8,user,0,none
2026-08-11 16:23:00,user_011,reports_db,read,9,user,0,none
2026-08-11 16:23:00,user_006,finance_db,read,3,user,0,none
2026-08-11 16:23:00,user_037,billing_system,read,5,user,0,none
2026-08-11 16:24:00,user_040,reports_db,read,3,user,0,none
2026-08-11 16:24:00,user_027,customer_data,read,9,user,0,none
2026-08-11 16:24:00,user_019,reports_db,read,8,user,0,none
2026-08-11 16:26:00,user_017,reports_db,read,1,user,0,none
2026-08-11 16:29:00,user_038,customer_data,read,3,user,0,none
2026-08-11 16:29:00,user_010,finance_db,read,9,user,0,none
2026-08-11 16:30:00,user_018,customer_data,read,6,user,0,none
2026-08-11 16:38:00,user_021,reports_db,read,4,user,0,none
2026-08-11 16:44:00,user_013,email_server,read,1,user,0,none
2026-08-11 16:44:00,user_020,customer_data,read,3,user,0,none
2026-08-11 16:48:00,user_018,reports_db,read,1,user,0,none
2026-08-11 16:49:00,user_021,source_code_repo,read,2,user,0,none
2026-08-11 16:50:00,user_039,billing_system,read,8,user,0,none
2026-08-11 16:52:00,user_020,hr_portal,read,5,user,0,none
2026-08-11 16:52:00,user_021,admin_console,read,2,user,0,none
2026-08-11 16:53:00,user_029,email_server,read,9,user,0,none
2026-08-11 16:54:00,user_006,source_code_repo,read,2,user,0,none
2026-08-11 17:01:00,user_003,admin_console,read,3,user,0,none
2026-08-11 17:04:00,user_016,admin_console,read,1,user,0,none
2026-08-11 17:06:00,user_008,reports_db,read,5,user,0,none
2026-08-11 17:08:00,user_017,admin_console,read,1,user,0,none
2026-08-11 17:09:00,user_025,source_code_repo,read,2,user,0,none
2026-08-11 17:11:00,user_020,billing_system,read,4,user,0,none
2026-08-11 17:11:00,user_034,finance_db,read,6,user,0,none
2026-08-11 17:13:00,user_020,reports_db,read,7,user,0,none
2026-08-11 17:13:00,user_029,finance_db,read,1,user,0,none
2026-08-11 17:15:00,user_016,customer_data,read,6,user,0,none
2026-08-11 17:18:00,user_019,finance_db,read,2,user,0,none
2026-08-11 17:20:00,user_020,hr_portal,read,8,user,0,none
2026-08-11 17:20:00,user_024,hr_portal,read,2,user,0,none
2026-08-11 17:21:00,user_037,reports_db,read,5,user,0,none
2026-08-11 17:22:00,user_004,admin_console,read,9,user,0,none
2026-08-11 17:24:00,user_033,finance_db,read,2,user,0,none
2026-08-11 17:26:00,user_007,finance_db,read,9,user,0,none
2026-08-11 17:26:00,user_036,finance_db,read,8,user,0,none
2026-08-11 17:29:00,user_018,finance_db,read,7,user,0,none
2026-08-11 17:29:00,user_031,reports_db,read,6,user,0,none
2026-08-11 17:30:00,user_011,source_code_repo,read,6,user,0,none
2026-08-11 17:31:00,user_003,billing_system,read,1,user,0,none
2026-08-11 17:32:00,user_009,reports_db,read,2,user,0,none
2026-08-11 17:32:00,user_001,source_code_repo,read,7,user,0,none
2026-08-11 17:36:00,user_015,reports_db,read,7,user,0,none
2026-08-11 17:39:00,user_032,admin_console,read,1,user,0,none
2026-08-11 17:44:00,user_006,email_server,read,4,user,0,none
2026-08-11 17:44:00,user_031,email_server,read,2,user,0,none
2026-08-11 17:45:00,user_033,billing_system,read,5,user,0,none
2026-08-11 17:48:00,user_001,hr_portal,read,7,user,0,none
2026-08-11 17:49:00,user_015,billing_system,read,9,user,0,none
2026-08-11 17:51:00,user_002,finance_db,read,7,user,0,none
2026-08-11 17:51:00,user_035,finance_db,read,2,user,0,none
2026-08-11 17:53:00,user_030,billing_system,read,2,user,0,none
2026-08-11 17:54:00,user_010,source_code_repo,read,8,user,0,none
2026-08-11 17:54:00,user_013,reports_db,read,8,user,0,none
2026-08-11 17:54:00,user_009,admin_console,read,1,user,0,none
2026-08-11 17:58:00,user_019,customer_data,read,1,user,0,none
2026-08-12 02:15:00,user_020,admin_console,privilege_escalation,0,admin,1,privilege_escalation
2026-08-12 02:16:00,user_020,finance_db,download,725,admin,1,data_exfiltration
2026-08-12 09:01:00,user_021,billing_system,read,5,user,0,none
2026-08-12 09:02:00,user_015,admin_console,read,5,user,0,none
2026-08-12 09:02:00,user_033,customer_data,read,9,user,0,none
2026-08-12 09:03:00,user_019,source_code_repo,read,1,user,0,none
2026-08-12 09:06:00,user_005,billing_system,read,6,user,0,none
2026-08-12 09:12:00,user_017,source_code_repo,read,3,user,0,none
2026-08-12 09:13:00,user_026,source_code_repo,read,9,user,0,none
2026-08-12 09:14:00,user_024,source_code_repo,read,7,user,0,none
2026-08-12 09:16:00,user_037,finance_db,read,6,user,0,none
2026-08-12 09:19:00,user_007,source_code_repo,read,1,user,0,none
2026-08-12 09:22:00,user_037,customer_data,read,1,user,0,none
2026-08-12 09:23:00,user_021,customer_data,read,8,user,0,none
2026-08-12 09:25:00,user_015,email_server,read,6,user,0,none
2026-08-12 09:25:00,user_014,customer_data,read,8,user,0,none
2026-08-12 09:26:00,user_019,hr_portal,read,2,user,0,none
2026-08-12 09:29:00,user_040,source_code_repo,read,8,user,0,none
2026-08-12 09:31:00,user_005,source_code_repo,read,6,user,0,none
2026-08-12 09:35:00,user_035,hr_portal,read,7,user,0,none
2026-08-12 09:36:00,user_019,admin_console,read,6,user,0,none
2026-08-12 09:39:00,user_016,hr_portal,read,7,user,0,none
2026-08-12 09:43:00,user_026,billing_system,read,6,user,0,none
2026-08-12 09:58:00,user_003,source_code_repo,read,7,user,0,none
2026-08-12 10:00:00,user_002,admin_console,read,1,user,0,none
2026-08-12 10:03:00,user_018,customer_data,read,1,user,0,none
2026-08-12 10:04:00,user_036,hr_portal,read,6,user,0,none
2026-08-12 10:06:00,user_026,admin_console,read,1,user,0,none
2026-08-12 10:12:00,user_040,admin_console,read,8,user,0,none
2026-08-12 10:14:00,user_003,email_server,read,2,user,0,none
2026-08-12 10:16:00,user_018,admin_console,read,6,user,0,none
2026-08-12 10:16:00,user_040,finance_db,read,2,user,0,none
2026-08-12 10:17:00,user_006,billing_system,read,3,user,0,none
2026-08-12 10:18:00,user_003,finance_db,read,1,user,0,none
2026-08-12 10:20:00,user_003,source_code_repo,read,4,user,0,none
2026-08-12 10:21:00,user_005,admin_console,read,3,user,0,none
2026-08-12 10:22:00,user_037,customer_data,read,7,user,0,none
2026-08-12 10:23:00,user_033,source_code_repo,read,2,user,0,none
2026-08-12 10:23:00,user_009,admin_console,read,8,user,0,none
2026-08-12 10:25:00,user_012,customer_data,read,4,user,0,none
2026-08-12 10:27:00,user_038,finance_db,read,9,user,0,none
2026-08-12 10:31:00,user_008,source_code_repo,read,5,user,0,none
2026-08-12 10:32:00,user_019,hr_portal,read,1,user,0,none
2026-08-12 10:34:00,user_034,customer_data,read,1,user,0,none
2026-08-12 10:35:00,user_037,source_code_repo,read,7,user,0,none
2026-08-12 10:35:00,user_037,customer_data,read,3,user,0,none
2026-08-12 10:35:00,user_015,hr_portal,read,6,user,0,none
2026-08-12 10:37:00,user_035,billing_system,read,2,user,0,none
2026-08-12 10:37:00,user_004,finance_db,read,8,user,0,none
2026-08-12 10:39:00,user_031,email_server,read,8,user,0,none
2026-08-12 10:41:00,user_001,customer_data,read,8,user,0,none
2026-08-12 10:41:00,user_019,admin_console,read,7,user,0,none
2026-08-12 10:46:00,user_007,billing_system,read,9,user,0,none
2026-08-12 10:47:00,user_019,admin_console,read,6,user,0,none
2026-08-12 10:50:00,user_033,customer_data,read,6,user,0,none
2026-08-12 10:52:00,user_005,email_server,read,8,user,0,none
2026-08-12 10:53:00,user_002,source_code_repo,read,5,user,0,none
2026-08-12 10:54:00,user_040,billing_system,read,2,user,0,none
2026-08-12 10:57:00,user_034,finance_db,read,8,user,0,none
2026-08-12 11:00:00,user_002,email_server,read,7,user,0,none
2026-08-12 11:02:00,user_017,source_code_repo,read,2,user,0,none
2026-08-12 11:02:00,user_001,hr_portal,read,5,user,0,none
2026-08-12 11:02:00,user_003,email_server,read,1,user,0,none
2026-08-12 11:04:00,user_003,source_code_repo,read,2,user,0,none
2026-08-12 11:11:00,user_036,customer_data,read,9,user,0,none
2026-08-12 11:16:00,user_001,finance_db,read,2,user,0,none
2026-08-12 11:20:00,user_013,finance_db,read,5,user,0,none
2026-08-12 11:28:00,user_012,customer_data,read,5,user,0,none
2026-08-12 11:37:00,user_007,customer_data,read,7,user,0,none
2026-08-12 11:38:00,user_015,admin_console,read,2,user,0,none
2026-08-12 11:38:00,user_017,email_server,read,4,user,0,none
2026-08-12 11:38:00,user_010,finance_db,read,5,user,0,none
2026-08-12 11:39:00,user_021,reports_db,read,4,user,0,none
2026-08-12 11:40:00,user_003,admin_console,read,6,user,0,none
2026-08-12 11:49:00,user_001,hr_portal,read,1,user,0,none
2026-08-12 11:57:00,user_039,admin_console,read,7,user,0,none
2026-08-12 12:02:00,user_002,email_server,read,2,user,0,none
2026-08-12 12:03:00,user_011,reports_db,read,3,user,0,none
2026-08-12 12:05:00,user_023,billing_system,read,6,user,0,none
2026-08-12 12:05:00,user_024,email_server,read,7,user,0,none
2026-08-12 12:06:00,user_039,source_code_repo,read,5,user,0,none
2026-08-12 12:08:00,user_035,customer_data,read,2,user,0,none
2026-08-12 12:10:00,user_035,customer_data,read,6,user,0,none
2026-08-12 12:10:00,user_005,hr_portal,read,3,user,0,none
2026-08-12 12:12:00,user_039,admin_console,read,3,user,0,none
2026-08-12 12:14:00,user_017,source_code_repo,read,1,user,0,none
2026-08-12 12:18:00,user_017,billing_system,read,3,user,0,none
2026-08-12 12:22:00,user_033,reports_db,read,9,user,0,none
2026-08-12 12:24:00,user_031,finance_db,read,5,user,0,none
2026-08-12 12:25:00,user_036,source_code_repo,read,5,user,0,none
2026-08-12 12:25:00,user_001,admin_console,read,1,user,0,none
2026-08-12 12:27:00,user_020,admin_console,read,7,user,0,none
2026-08-12 12:31:00,user_035,source_code_repo,read,9,user,0,none
2026-08-12 12:31:00,user_032,finance_db,read,5,user,0,none
2026-08-12 12:33:00,user_019,email_server,read,7,user,0,none
2026-08-12 12:35:00,user_022,admin_console,read,1,user,0,none
2026-08-12 12:42:00,user_033,admin_console,read,1,user,0,none
2026-08-12 12:42:00,user_027,admin_console,read,8,user,0,none
2026-08-12 12:44:00,user_029,billing_system,read,1,user,0,none
2026-08-12 12:45:00,user_021,source_code_repo,read,1,user,0,none
2026-08-12 12:46:00,user_035,admin_console,read,5,user,0,none
2026-08-12 12:48:00,user_029,email_server,read,3,user,0,none
2026-08-12 12:48:00,user_034,hr_portal,read,9,user,0,none
2026-08-12 12:48:00,user_032,customer_data,read,4,user,0,none
2026-08-12 12:48:00,user_037,email_server,read,6,user,0,none
2026-08-12 12:50:00,user_027,billing_system,read,2,user,0,none
2026-08-12 12:53:00,user_023,email_server,read,6,user,0,none
2026-08-12 12:54:00,user_023,billing_system,read,3,user,0,none
2026-08-12 12:56:00,user_006,source_code_repo,read,6,user,0,none
2026-08-12 12:56:00,user_016,customer_data,read,4,user,0,none
2026-08-12 12:56:00,user_033,admin_console,read,1,user,0,none
2026-08-12 12:58:00,user_040,admin_console,read,7,user,0,none
2026-08-12 13:03:00,user_009,finance_db,read,2,user,0,none
2026-08-12 13:05:00,user_021,customer_data,read,9,user,0,none
2026-08-12 13:07:00,user_015,email_server,read,2,user,0,none
2026-08-12 13:08:00,user_017,customer_data,read,3,user,0,none
2026-08-12 13:08:00,user_017,customer_data,read,5,user,0,none
2026-08-12 13:09:00,user_018,source_code_repo,read,9,user,0,none
2026-08-12 13:10:00,user_001,admin_console,read,7,user,0,none
2026-08-12 13:11:00,user_002,email_server,read,8,user,0,none
2026-08-12 13:12:00,user_008,email_server,read,7,user,0,none
2026-08-12 13:14:00,user_032,billing_system,read,7,user,0,none
2026-08-12 13:15:00,user_030,hr_portal,read,8,user,0,none
2026-08-12 13:17:00,user_022,admin_console,read,6,user,0,none
2026-08-12 13:17:00,user_005,source_code_repo,read,2,user,0,none
2026-08-12 13:17:00,user_017,reports_db,read,5,user,0,none
2026-08-12 13:19:00,user_019,source_code_repo,read,4,user,0,none
2026-08-12 13:21:00,user_040,admin_console,read,9,user,0,none
2026-08-12 13:21:00,user_019,billing_system,read,7,user,0,none
2026-08-12 13:21:00,user_032,finance_db,read,4,user,0,none
2026-08-12 13:23:00,user_015,admin_console,read,8,user,0,none
2026-08-12 13:25:00,user_004,customer_data,read,7,user,0,none
2026-08-12 13:27:00,user_026,finance_db,read,9,user,0,none
2026-08-12 13:28:00,user_037,email_server,read,9,user,0,none
2026-08-12 13:29:00,user_003,customer_data,read,4,user,0,none
2026-08-12 13:30:00,user_022,email_server,read,9,user,0,none
2026-08-12 13:31:00,user_031,hr_portal,read,4,user,0,none
2026-08-12 13:32:00,user_021,customer_data,read,6,user,0,none
2026-08-12 13:35:00,user_030,hr_portal,read,1,user,0,none
2026-08-12 13:37:00,user_021,admin_console,read,4,user,0,none
2026-08-12 13:38:00,user_005,admin_console,read,4,user,0,none
2026-08-12 13:39:00,user_038,billing_system,read,4,user,0,none
2026-08-12 13:39:00,user_039,finance_db,read,1,user,0,none
2026-08-12 13:41:00,user_030,finance_db,read,8,user,0,none
2026-08-12 13:42:00,user_039,finance_db,read,1,user,0,none
2026-08-12 13:46:00,user_025,billing_system,read,7,user,0,none
2026-08-12 13:48:00,user_005,customer_data,read,4,user,0,none
2026-08-12 13:48:00,user_033,email_server,read,8,user,0,none
2026-08-12 13:48:00,user_014,customer_data,read,7,user,0,none
2026-08-12 13:51:00,user_034,source_code_repo,read,7,user,0,none
2026-08-12 13:51:00,user_026,reports_db,read,4,user,0,none
2026-08-12 13:56:00,user_009,admin_console,read,4,user,0,none
2026-08-12 13:57:00,user_033,reports_db,read,5,user,0,none
2026-08-12 14:00:00,user_029,admin_console,read,5,user,0,none
2026-08-12 14:00:00,user_032,finance_db,read,4,user,0,none
2026-08-12 14:02:00,user_023,admin_console,read,1,user,0,none
2026-08-12 14:03:00,user_018,finance_db,read,3,user,0,none
2026-08-12 14:06:00,user_028,finance_db,read,6,user,0,none
2026-08-12 14:07:00,user_020,email_server,read,2,user,0,none
2026-08-12 14:10:00,user_028,billing_system,read,4,user,0,none
2026-08-12 14:11:00,user_022,admin_console,read,1,user,0,none
2026-08-12 14:11:00,user_012,billing_system,read,8,user,0,none
2026-08-12 14:12:00,user_028,admin_console,read,7,user,0,none
2026-08-12 14:14:00,user_039,reports_db,read,5,user,0,none
2026-08-12 14:14:00,user_013,hr_portal,read,3,user,0,none
2026-08-12 14:15:00,user_034,email_server,read,9,user,0,none
2026-08-12 14:15:00,user_031,finance_db,read,9,user,0,none
2026-08-12 14:16:00,user_018,hr_portal,read,1,user,0,none
2026-08-12 14:19:00,user_011,email_server,read,6,user,0,none
2026-08-12 14:21:00,user_026,email_server,read,3,user,0,none
2026-08-12 14:23:00,user_023,hr_portal,read,6,user,0,none
2026-08-12 14:23:00,user_029,billing_system,read,8,user,0,none
2026-08-12 14:23:00,user_032,email_server,read,4,user,0,none
2026-08-12 14:24:00,user_031,admin_console,read,3,user,0,none
2026-08-12 14:27:00,user_013,source_code_repo,read,4,user,0,none
2026-08-12 14:27:00,user_014,source_code_repo,read,5,user,0,none
2026-08-12 14:32:00,user_037,email_server,read,5,user,0,none
2026-08-12 14:36:00,user_025,finance_db,read,6,user,0,none
2026-08-12 14:38:00,user_017,customer_data,read,4,user,0,none
2026-08-12 14:38:00,user_028,billing_system,read,8,user,0,none
2026-08-12 14:38:00,user_021,email_server,read,3,user,0,none
2026-08-12 14:39:00,user_012,reports_db,read,5,user,0,none
2026-08-12 14:42:00,user_007,admin_console,read,4,user,0,none
2026-08-12 14:46:00,user_004,source_code_repo,read,2,user,0,none
2026-08-12 14:46:00,user_034,email_server,read,5,user,0,none
2026-08-12 14:47:00,user_039,billing_system,read,7,user,0,none
2026-08-12 14:47:00,user_027,email_server,read,3,user,0,none
2026-08-12 14:47:00,user_008,billing_system,read,7,user,0,none
2026-08-12 14:52:00,user_040,email_server,read,5,user,0,none
2026-08-12 14:56:00,user_036,email_server,read,5,user,0,none
2026-08-12 14:56:00,user_025,source_code_repo,read,1,user,0,none
2026-08-12 14:56:00,user_010,admin_console,read,6,user,0,none
2026-08-12 14:57:00,user_032,finance_db,read,2,user,0,none
2026-08-12 15:01:00,user_007,source_code_repo,read,8,user,0,none
2026-08-12 15:01:00,user_007,hr_portal,read,7,user,0,none
2026-08-12 15:04:00,user_028,billing_system,read,4,user,0,none
2026-08-12 15:06:00,user_031,billing_system,read,2,user,0,none
2026-08-12 15:14:00,user_031,admin_console,read,7,user,0,none
2026-08-12 15:15:00,user_001,customer_data,read,3,user,0,none
2026-08-12 15:19:00,user_002,admin_console,read,1,user,0,none
2026-08-12 15:21:00,user_021,hr_portal,read,4,user,0,none
2026-08-12 15:38:00,user_036,admin_console,read,8,user,0,none
2026-08-12 15:44:00,user_001,source_code_repo,read,7,user,0,none
2026-08-12 15:44:00,user_024,reports_db,read,2,user,0,none
2026-08-12 15:50:00,user_009,billing_system,read,9,user,0,none
2026-08-12 15:51:00,user_034,email_server,read,3,user,0,none
2026-08-12 15:52:00,user_015,reports_db,read,8,user,0,none
2026-08-12 15:52:00,user_021,billing_system,read,6,user,0,none
2026-08-12 15:53:00,user_038,finance_db,read,5,user,0,none
2026-08-12 15:53:00,user_033,admin_console,read,7,user,0,none
2026-08-12 15:54:00,user_011,admin_console,read,5,user,0,none
2026-08-12 15:58:00,user_018,source_code_repo,read,1,user,0,none
2026-08-12 16:00:00,user_011,admin_console,read,9,user,0,none
2026-08-12 16:01:00,user_029,source_code_repo,read,3,user,0,none
2026-08-12 16:06:00,user_029,billing_system,read,9,user,0,none
2026-08-12 16:06:00,user_027,finance_db,read,5,user,0,none
2026-08-12 16:07:00,user_040,admin_console,read,4,user,0,none
2026-08-12 16:08:00,user_034,finance_db,read,4,user,0,none
2026-08-12 16:11:00,user_033,admin_console,read,6,user,0,none
2026-08-12 16:12:00,user_017,hr_portal,read,4,user,0,none
2026-08-12 16:14:00,user_036,source_code_repo,read,5,user,0,none
2026-08-12 16:17:00,user_035,reports_db,read,9,user,0,none
2026-08-12 16:20:00,user_039,email_server,read,2,user,0,none
2026-08-12 16:22:00,user_029,email_server,read,1,user,0,none
2026-08-12 16:24:00,user_019,reports_db,read,9,user,0,none
2026-08-12 16:26:00,user_006,source_code_repo,read,5,user,0,none
2026-08-12 16:27:00,user_032,reports_db,read,9,user,0,none
2026-08-12 16:28:00,user_024,finance_db,read,5,user,0,none
2026-08-12 16:29:00,user_009,email_server,read,5,user,0,none
2026-08-12 16:29:00,user_030,admin_console,read,4,user,0,none
2026-08-12 16:29:00,user_009,finance_db,read,5,user,0,none
2026-08-12 16:31:00,user_004,source_code_repo,read,1,user,0,none
2026-08-12 16:36:00,user_021,customer_data,read,9,user,0,none
2026-08-12 16:40:00,user_034,source_code_repo,read,3,user,0,none
2026-08-12 16:42:00,user_009,hr_portal,read,8,user,0,none
2026-08-12 16:44:00,user_032,billing_system,read,5,user,0,none
2026-08-12 16:45:00,user_016,source_code_repo,read,6,user,0,none
2026-08-12 16:47:00,user_015,email_server,read,2,user,0,none
2026-08-12 16:52:00,user_009,hr_portal,read,1,user,0,none
2026-08-12 16:53:00,user_010,billing_system,read,1,user,0,none
2026-08-12 16:56:00,user_002,finance_db,read,6,user,0,none
2026-08-12 16:57:00,user_040,source_code_repo,read,7,user,0,none
2026-08-12 16:57:00,user_025,email_server,read,6,user,0,none
2026-08-12 17:00:00,user_017,source_code_repo,read,9,user,0,none
2026-08-12 17:02:00,user_030,reports_db,read,1,user,0,none
2026-08-12 17:05:00,user_032,email_server,read,1,user,0,none
2026-08-12 17:05:00,user_005,admin_console,read,1,user,0,none
2026-08-12 17:05:00,user_015,finance_db,read,7,user,0,none
2026-08-12 17:05:00,user_005,reports_db,read,9,user,0,none
2026-08-12 17:05:00,user_039,customer_data,read,8,user,0,none
2026-08-12 17:07:00,user_012,email_server,read,2,user,0,none
2026-08-12 17:10:00,user_035,hr_portal,read,9,user,0,none
2026-08-12 17:10:00,user_002,hr_portal,read,3,user,0,none
2026-08-12 17:12:00,user_036,hr_portal,read,7,user,0,none
2026-08-12 17:14:00,user_036,hr_portal,read,2,user,0,none
2026-08-12 17:16:00,user_003,finance_db,read,5,user,0,none
2026-08-12 17:16:00,user_023,customer_data,read,1,user,0,none
2026-08-12 17:17:00,user_034,reports_db,read,7,user,0,none
2026-08-12 17:17:00,user_035,source_code_repo,read,5,user,0,none
2026-08-12 17:20:00,user_002,hr_portal,read,9,user,0,none
2026-08-12 17:23:00,user_009,finance_db,read,8,user,0,none
2026-08-12 17:23:00,user_019,hr_portal,read,5,user,0,none
2026-08-12 17:23:00,user_005,hr_portal,read,2,user,0,none
2026-08-12 17:24:00,user_010,billing_system,read,3,user,0,none
2026-08-12 17:26:00,user_025,billing_system,read,4,user,0,none
2026-08-12 17:27:00,user_004,billing_system,read,3,user,0,none
2026-08-12 17:29:00,user_040,customer_data,read,9,user,0,none
2026-08-12 17:30:00,user_001,admin_console,read,5,user,0,none
2026-08-12 17:31:00,user_020,finance_db,read,4,user,0,none
2026-08-12 17:33:00,user_002,email_server,read,7,user,0,none
2026-08-12 17:35:00,user_039,hr_portal,read,2,user,0,none
2026-08-12 17:35:00,user_033,reports_db,read,9,user,0,none
2026-08-12 17:39:00,user_027,customer_data,read,7,user,0,none
2026-08-12 17:42:00,user_008,hr_portal,read,6,user,0,none
2026-08-12 17:44:00,user_011,admin_console,read,6,user,0,none
2026-08-12 17:49:00,user_018,admin_console,read,3,user,0,none
2026-08-12 17:49:00,user_039,email_server,read,7,user,0,none
2026-08-12 17:51:00,user_030,finance_db,read,1,user,0,none
2026-08-12 17:52:00,user_035,admin_console,read,4,user,0,none
2026-08-12 17:54:00,user_037,hr_portal,read,6,user,0,none
2026-08-12 17:56:00,user_006,billing_system,read,1,user,0,none
2026-08-12 17:56:00,user_007,billing_system,read,3,user,0,none
2026-08-13 04:27:00,user_024,admin_console,privilege_escalation,0,admin,1,privilege_escalation
2026-08-13 04:28:00,user_024,source_code_repo,download,553,admin,1,data_exfiltration
2026-08-13 09:02:00,user_022,finance_db,read,3,user,0,none
2026-08-13 09:04:00,user_019,admin_console,read,8,user,0,none
2026-08-13 09:07:00,user_006,billing_system,read,8,user,0,none
2026-08-13 09:13:00,user_033,customer_data,read,1,user,0,none
2026-08-13 09:21:00,user_030,reports_db,read,4,user,0,none
2026-08-13 09:25:00,user_028,customer_data,read,4,user,0,none
2026-08-13 09:25:00,user_037,hr_portal,read,3,user,0,none
2026-08-13 09:28:00,user_022,customer_data,read,5,user,0,none
2026-08-13 09:30:00,user_001,hr_portal,read,5,user,0,none
2026-08-13 09:33:00,user_011,email_server,read,3,user,0,none
2026-08-13 09:33:00,user_001,reports_db,read,8,user,0,none
2026-08-13 09:35:00,user_010,customer_data,read,1,user,0,none
2026-08-13 09:38:00,user_019,hr_portal,read,7,user,0,none
2026-08-13 09:38:00,user_002,finance_db,read,8,user,0,none
2026-08-13 09:39:00,user_035,source_code_repo,read,8,user,0,none
2026-08-13 09:39:00,user_022,hr_portal,read,6,user,0,none
2026-08-13 09:39:00,user_032,source_code_repo,read,6,user,0,none
2026-08-13 09:40:00,user_027,finance_db,read,2,user,0,none
2026-08-13 09:42:00,user_011,reports_db,read,6,user,0,none
2026-08-13 09:46:00,user_028,admin_console,read,8,user,0,none
2026-08-13 09:46:00,user_018,finance_db,read,2,user,0,none
2026-08-13 09:50:00,user_025,finance_db,read,8,user,0,none
2026-08-13 09:50:00,user_024,hr_portal,read,8,user,0,none
2026-08-13 09:55:00,user_014,customer_data,read,4,user,0,none
2026-08-13 09:58:00,user_017,reports_db,read,5,user,0,none
2026-08-13 10:00:00,user_005,billing_system,read,7,user,0,none
2026-08-13 10:01:00,user_019,reports_db,read,9,user,0,none
2026-08-13 10:01:00,user_033,admin_console,read,8,user,0,none
2026-08-13 10:04:00,user_026,admin_console,read,3,user,0,none
2026-08-13 10:04:00,user_033,customer_data,read,5,user,0,none
2026-08-13 10:04:00,user_012,email_server,read,3,user,0,none
2026-08-13 10:05:00,user_018,admin_console,read,8,user,0,none
2026-08-13 10:06:00,user_036,admin_console,read,1,user,0,none
2026-08-13 10:10:00,user_031,billing_system,read,4,user,0,none
2026-08-13 10:18:00,user_013,hr_portal,read,5,user,0,none
2026-08-13 10:22:00,user_038,customer_data,read,7,user,0,none
2026-08-13 10:24:00,user_004,hr_portal,read,9,user,0,none
2026-08-13 10:24:00,user_014,reports_db,read,2,user,0,none
2026-08-13 10:25:00,user_019,source_code_repo,read,6,user,0,none
2026-08-13 10:26:00,user_004,billing_system,read,1,user,0,none
2026-08-13 10:28:00,user_024,source_code_repo,read,8,user,0,none
2026-08-13 10:28:00,user_023,source_code_repo,read,3,user,0,none
2026-08-13 10:29:00,user_004,customer_data,read,5,user,0,none
2026-08-13 10:30:00,user_034,hr_portal,read,5,user,0,none
2026-08-13 10:31:00,user_017,email_server,read,4,user,0,none
2026-08-13 10:32:00,user_025,reports_db,read,5,user,0,none
2026-08-13 10:32:00,user_040,customer_data,read,1,user,0,none
2026-08-13 10:37:00,user_028,customer_data,read,1,user,0,none
2026-08-13 10:41:00,user_011,email_server,read,9,user,0,none
2026-08-13 10:43:00,user_037,customer_data,read,2,user,0,none
2026-08-13 10:43:00,user_002,billing_system,read,2,user,0,none
2026-08-13 10:46:00,user_015,billing_system,read,8,user,0,none
2026-08-13 10:53:00,user_007,reports_db,read,6,user,0,none
2026-08-13 10:54:00,user_001,reports_db,read,6,user,0,none
2026-08-13 10:55:00,user_018,customer_data,read,2,user,0,none
2026-08-13 10:56:00,user_031,finance_db,read,4,user,0,none
2026-08-13 10:56:00,user_015,email_server,read,7,user,0,none
2026-08-13 10:57:00,user_032,reports_db,read,5,user,0,none
2026-08-13 10:58:00,user_038,billing_system,read,9,user,0,none
2026-08-13 11:03:00,user_037,billing_system,read,8,user,0,none
2026-08-13 11:10:00,user_022,billing_system,read,9,user,0,none
2026-08-13 11:14:00,user_025,finance_db,read,4,user,0,none
2026-08-13 11:17:00,user_015,reports_db,read,5,user,0,none
2026-08-13 11:18:00,user_036,customer_data,read,6,user,0,none
2026-08-13 11:19:00,user_028,reports_db,read,5,user,0,none
2026-08-13 11:21:00,user_001,customer_data,read,9,user,0,none
2026-08-13 11:23:00,user_008,hr_portal,read,8,user,0,none
2026-08-13 11:26:00,user_022,reports_db,read,2,user,0,none
2026-08-13 11:27:00,user_040,email_server,read,1,user,0,none
2026-08-13 11:29:00,user_003,reports_db,read,5,user,0,none
2026-08-13 11:29:00,user_005,billing_system,read,8,user,0,none
2026-08-13 11:30:00,user_006,source_code_repo,read,9,user,0,none
2026-08-13 11:31:00,user_011,admin_console,read,2,user,0,none
2026-08-13 11:33:00,user_038,source_code_repo,read,7,user,0,none
2026-08-13 11:34:00,user_029,hr_portal,read,9,user,0,none
2026-08-13 11:34:00,user_008,customer_data,read,4,user,0,none
2026-08-13 11:35:00,user_023,customer_data,read,2,user,0,none
2026-08-13 11:41:00,user_012,reports_db,read,1,user,0,none
2026-08-13 11:41:00,user_025,reports_db,read,7,user,0,none
2026-08-13 11:43:00,user_024,hr_portal,read,9,user,0,none
2026-08-13 11:46:00,user_030,reports_db,read,7,user,0,none
2026-08-13 11:49:00,user_036,admin_console,read,2,user,0,none
2026-08-13 11:52:00,user_018,finance_db,read,8,user,0,none
2026-08-13 11:53:00,user_010,admin_console,read,1,user,0,none
2026-08-13 11:56:00,user_004,reports_db,read,9,user,0,none
2026-08-13 11:57:00,user_037,source_code_repo,read,7,user,0,none
2026-08-13 12:08:00,user_015,finance_db,read,4,user,0,none
2026-08-13 12:10:00,user_026,email_server,read,9,user,0,none
2026-08-13 12:10:00,user_023,email_server,read,8,user,0,none
2026-08-13 12:12:00,user_006,hr_portal,read,2,user,0,none
2026-08-13 12:12:00,user_040,finance_db,read,6,user,0,none
2026-08-13 12:13:00,user_029,finance_db,read,5,user,0,none
2026-08-13 12:15:00,user_037,email_server,read,5,user,0,none
2026-08-13 12:17:00,user_036,reports_db,read,2,user,0,none
2026-08-13 12:18:00,user_012,billing_system,read,7,user,0,none
2026-08-13 12:18:00,user_039,hr_portal,read,5,user,0,none
2026-08-13 12:21:00,user_024,admin_console,read,2,user,0,none
2026-08-13 12:22:00,user_008,admin_console,read,5,user,0,none
2026-08-13 12:24:00,user_001,email_server,read,4,user,0,none
2026-08-13 12:24:00,user_029,source_code_repo,read,5,user,0,none
2026-08-13 12:26:00,user_018,customer_data,read,6,user,0,none
2026-08-13 12:27:00,user_035,admin_console,read,4,user,0,none
2026-08-13 12:27:00,user_021,source_code_repo,read,5,user,0,none
2026-08-13 12:32:00,user_025,admin_console,read,3,user,0,none
2026-08-13 12:32:00,user_030,finance_db,read,6,user,0,none
2026-08-13 12:35:00,user_025,hr_portal,read,9,user,0,none
2026-08-13 12:41:00,user_022,email_server,read,7,user,0,none
2026-08-13 12:42:00,user_005,admin_console,read,5,user,0,none
2026-08-13 12:42:00,user_025,hr_portal,read,1,user,0,none
2026-08-13 12:42:00,user_010,email_server,read,1,user,0,none
2026-08-13 12:43:00,user_013,billing_system,read,8,user,0,none
2026-08-13 12:47:00,user_029,email_server,read,2,user,0,none
2026-08-13 12:47:00,user_026,customer_data,read,5,user,0,none
2026-08-13 12:52:00,user_021,billing_system,read,8,user,0,none
2026-08-13 12:55:00,user_020,hr_portal,read,3,user,0,none
2026-08-13 12:56:00,user_008,hr_portal,read,2,user,0,none
2026-08-13 12:57:00,user_036,reports_db,read,6,user,0,none
2026-08-13 13:01:00,user_024,source_code_repo,read,3,user,0,none
2026-08-13 13:02:00,user_004,source_code_repo,read,7,user,0,none
2026-08-13 13:04:00,user_017,customer_data,read,4,user,0,none
2026-08-13 13:08:00,user_027,hr_portal,read,7,user,0,none
2026-08-13 13:10:00,user_002,admin_console,read,4,user,0,none
2026-08-13 13:11:00,user_003,email_server,read,4,user,0,none
2026-08-13 13:14:00,user_006,customer_data,read,9,user,0,none
2026-08-13 13:14:00,user_035,billing_system,read,5,user,0,none
2026-08-13 13:17:00,user_040,email_server,read,5,user,0,none
2026-08-13 13:21:00,user_006,reports_db,read,7,user,0,none
2026-08-13 13:23:00,user_003,email_server,read,6,user,0,none
2026-08-13 13:23:00,user_002,finance_db,read,9,user,0,none
2026-08-13 13:24:00,user_040,hr_portal,read,5,user,0,none
2026-08-13 13:30:00,user_009,customer_data,read,6,user,0,none
2026-08-13 13:32:00,user_007,customer_data,read,1,user,0,none
2026-08-13 13:34:00,user_028,source_code_repo,read,4,user,0,none
2026-08-13 13:36:00,user_001,finance_db,read,8,user,0,none
2026-08-13 13:36:00,user_040,hr_portal,read,3,user,0,none
2026-08-13 13:37:00,user_017,reports_db,read,2,user,0,none
2026-08-13 13:46:00,user_010,hr_portal,read,7,user,0,none
2026-08-13 13:46:00,user_004,reports_db,read,3,user,0,none
2026-08-13 13:47:00,user_006,finance_db,read,8,user,0,none
2026-08-13 13:48:00,user_008,source_code_repo,read,3,user,0,none
2026-08-13 13:49:00,user_001,hr_portal,read,1,user,0,none
2026-08-13 13:51:00,user_026,finance_db,read,5,user,0,none
2026-08-13 13:52:00,user_004,reports_db,read,1,user,0,none
2026-08-13 13:53:00,user_023,finance_db,read,7,user,0,none
2026-08-13 13:53:00,user_001,hr_portal,read,3,user,0,none
2026-08-13 13:53:00,user_030,email_server,read,9,user,0,none
2026-08-13 13:53:00,user_009,admin_console,read,2,user,0,none
2026-08-13 13:54:00,user_020,billing_system,read,7,user,0,none
2026-08-13 13:56:00,user_030,hr_portal,read,3,user,0,none
2026-08-13 13:57:00,user_034,customer_data,read,3,user,0,none
2026-08-13 13:57:00,user_030,hr_portal,read,9,user,0,none
2026-08-13 13:57:00,user_014,email_server,read,4,user,0,none
2026-08-13 13:58:00,user_030,reports_db,read,3,user,0,none
2026-08-13 14:04:00,user_019,admin_console,read,1,user,0,none
2026-08-13 14:05:00,user_024,finance_db,read,3,user,0,none
2026-08-13 14:06:00,user_014,customer_data,read,1,user,0,none
2026-08-13 14:06:00,user_040,customer_data,read,5,user,0,none
2026-08-13 14:09:00,user_002,billing_system,read,1,user,0,none
2026-08-13 14:11:00,user_015,reports_db,read,7,user,0,none
2026-08-13 14:12:00,user_037,billing_system,read,7,user,0,none
2026-08-13 14:14:00,user_007,reports_db,read,4,user,0,none
2026-08-13 14:16:00,user_029,reports_db,read,9,user,0,none
2026-08-13 14:17:00,user_036,reports_db,read,5,user,0,none
2026-08-13 14:20:00,user_017,billing_system,read,3,user,0,none
2026-08-13 14:21:00,user_039,finance_db,read,3,user,0,none
2026-08-13 14:22:00,user_014,email_server,read,9,user,0,none
2026-08-13 14:23:00,user_024,hr_portal,read,4,user,0,none
2026-08-13 14:26:00,user_018,admin_console,read,3,user,0,none
2026-08-13 14:27:00,user_011,reports_db,read,6,user,0,none
2026-08-13 14:28:00,user_021,customer_data,read,8,user,0,none
2026-08-13 14:35:00,user_005,hr_portal,read,8,user,0,none
2026-08-13 14:35:00,user_023,billing_system,read,1,user,0,none
2026-08-13 14:37:00,user_019,admin_console,read,5,user,0,none
2026-08-13 14:38:00,user_002,admin_console,read,3,user,0,none
2026-08-13 14:39:00,user_014,billing_system,read,5,user,0,none
2026-08-13 14:40:00,user_025,source_code_repo,read,3,user,0,none
2026-08-13 14:41:00,user_039,source_code_repo,read,5,user,0,none
2026-08-13 14:44:00,user_013,finance_db,read,4,user,0,none
2026-08-13 14:47:00,user_030,admin_console,read,2,user,0,none
2026-08-13 14:47:00,user_040,email_server,read,6,user,0,none
2026-08-13 14:48:00,user_002,customer_data,read,9,user,0,none
2026-08-13 14:48:00,user_025,source_code_repo,read,8,user,0,none
2026-08-13 14:49:00,user_013,finance_db,read,2,user,0,none
2026-08-13 14:50:00,user_021,billing_system,read,9,user,0,none
2026-08-13 14:50:00,user_004,admin_console,read,3,user,0,none
2026-08-13 14:51:00,user_008,customer_data,read,6,user,0,none
2026-08-13 14:53:00,user_020,admin_console,read,1,user,0,none
2026-08-13 14:53:00,user_015,customer_data,read,4,user,0,none
2026-08-13 14:57:00,user_019,billing_system,read,3,user,0,none
2026-08-13 14:57:00,user_009,billing_system,read,4,user,0,none
2026-08-13 14:58:00,user_035,email_server,read,2,user,0,none
2026-08-13 14:58:00,user_028,email_server,read,6,user,0,none
2026-08-13 15:00:00,user_015,billing_system,read,8,user,0,none
2026-08-13 15:05:00,user_017,email_server,read,4,user,0,none
2026-08-13 15:12:00,user_024,email_server,read,3,user,0,none
2026-08-13 15:14:00,user_019,source_code_repo,read,4,user,0,none
2026-08-13 15:16:00,user_029,email_server,read,9,user,0,none
2026-08-13 15:17:00,user_037,hr_portal,read,3,user,0,none
2026-08-13 15:18:00,user_037,reports_db,read,7,user,0,none
2026-08-13 15:18:00,user_018,hr_portal,read,9,user,0,none
2026-08-13 15:19:00,user_036,reports_db,read,6,user,0,none
2026-08-13 15:25:00,user_016,hr_portal,read,9,user,0,none
2026-08-13 15:30:00,user_024,email_server,read,9,user,0,none
2026-08-13 15:36:00,user_036,reports_db,read,2,user,0,none
2026-08-13 15:40:00,user_016,hr_portal,read,3,user,0,none
2026-08-13 15:45:00,user_029,hr_portal,read,2,user,0,none
2026-08-13 15:47:00,user_015,customer_data,read,5,user,0,none
2026-08-13 15:50:00,user_036,email_server,read,6,user,0,none
2026-08-13 15:50:00,user_026,customer_data,read,9,user,0,none
2026-08-13 15:50:00,user_003,email_server,read,6,user,0,none
2026-08-13 15:51:00,user_022,finance_db,read,4,user,0,none
2026-08-13 15:56:00,user_012,admin_console,read,1,user,0,none
2026-08-13 15:57:00,user_006,billing_system,read,6,user,0,none
2026-08-13 15:58:00,user_018,hr_portal,read,4,user,0,none
2026-08-13 15:58:00,user_008,billing_system,read,4,user,0,none
2026-08-13 16:02:00,user_014,hr_portal,read,5,user,0,none
2026-08-13 16:05:00,user_005,customer_data,read,8,user,0,none
2026-08-13 16:07:00,user_018,reports_db,read,1,user,0,none
2026-08-13 16:08:00,user_012,finance_db,read,2,user,0,none
2026-08-13 16:09:00,user_002,customer_data,read,1,user,0,none
2026-08-13 16:11:00,user_009,email_server,read,1,user,0,none
2026-08-13 16:12:00,user_004,billing_system,read,8,user,0,none
2026-08-13 16:13:00,user_014,finance_db,read,5,user,0,none
2026-08-13 16:17:00,user_020,source_code_repo,read,9,user,0,none
2026-08-13 16:17:00,user_010,finance_db,read,8,user,0,none
2026-08-13 16:17:00,user_015,reports_db,read,1,user,0,none
2026-08-13 16:19:00,user_032,finance_db,read,2,user,0,none
2026-08-13 16:22:00,user_017,source_code_repo,read,1,user,0,none
2026-08-13 16:23:00,user_037,finance_db,read,9,user,0,none
2026-08-13 16:24:00,user_016,hr_portal,read,2,user,0,none
2026-08-13 16:24:00,user_012,source_code_repo,read,8,user,0,none
2026-08-13 16:24:00,user_002,email_server,read,8,user,0,none
2026-08-13 16:26:00,user_020,reports_db,read,5,user,0,none
2026-08-13 16:27:00,user_026,finance_db,read,2,user,0,none
2026-08-13 16:28:00,user_020,reports_db,read,9,user,0,none
2026-08-13 16:30:00,user_031,reports_db,read,9,user,0,none
2026-08-13 16:32:00,user_030,hr_portal,read,6,user,0,none
2026-08-13 16:35:00,user_016,finance_db,read,4,user,0,none
2026-08-13 16:36:00,user_035,reports_db,read,1,user,0,none
2026-08-13 16:38:00,user_033,billing_system,read,1,user,0,none
2026-08-13 16:39:00,user_030,email_server,read,2,user,0,none
2026-08-13 16:41:00,user_015,hr_portal,read,2,user,0,none
2026-08-13 16:42:00,user_011,reports_db,read,3,user,0,none
2026-08-13 16:42:00,user_013,finance_db,read,9,user,0,none
2026-08-13 16:43:00,user_007,admin_console,read,4,user,0,none
2026-08-13 16:45:00,user_016,customer_data,read,5,user,0,none
2026-08-13 16:47:00,user_035,admin_console,read,9,user,0,none
2026-08-13 16:50:00,user_025,email_server,read,3,user,0,none
2026-08-13 16:52:00,user_010,customer_data,read,4,user,0,none
2026-08-13 16:53:00,user_008,reports_db,read,8,user,0,none
2026-08-13 16:56:00,user_026,source_code_repo,read,4,user,0,none
2026-08-13 16:56:00,user_034,email_server,read,9,user,0,none
2026-08-13 16:56:00,user_033,customer_data,read,8,user,0,none
2026-08-13 17:00:00,user_024,customer_data,read,5,user,0,none
2026-08-13 17:00:00,user_035,reports_db,read,2,user,0,none
2026-08-13 17:01:00,user_001,source_code_repo,read,5,user,0,none
2026-08-13 17:05:00,user_009,finance_db,read,1,user,0,none
2026-08-13 17:07:00,user_035,email_server,read,7,user,0,none
2026-08-13 17:09:00,user_006,billing_system,read,6,user,0,none
2026-08-13 17:12:00,user_024,source_code_repo,read,8,user,0,none
2026-08-13 17:13:00,user_030,finance_db,read,2,user,0,none
2026-08-13 17:16:00,user_012,hr_portal,read,3,user,0,none
2026-08-13 17:17:00,user_034,customer_data,read,5,user,0,none
2026-08-13 17:17:00,user_015,finance_db,read,5,user,0,none
2026-08-13 17:18:00,user_010,hr_portal,read,9,user,0,none
2026-08-13 17:19:00,user_008,billing_system,read,3,user,0,none
2026-08-13 17:21:00,user_037,email_server,read,6,user,0,none
2026-08-13 17:22:00,user_020,hr_portal,read,5,user,0,none
2026-08-13 17:26:00,user_010,billing_system,read,1,user,0,none
2026-08-13 17:30:00,user_005,customer_data,read,8,user,0,none
2026-08-13 17:31:00,user_016,billing_system,read,8,user,0,none
2026-08-13 17:41:00,user_023,admin_console,read,7,user,0,none
2026-08-13 17:42:00,user_023,finance_db,read,7,user,0,none
2026-08-13 17:44:00,user_006,email_server,read,6,user,0,none
2026-08-13 17:45:00,user_005,email_server,read,7,user,0,none
2026-08-13 17:47:00,user_005,billing_system,read,2,user,0,none
2026-08-13 17:49:00,user_001,customer_data,read,4,user,0,none
2026-08-13 17:49:00,user_014,source_code_repo,read,9,user,0,none
2026-08-13 17:54:00,user_027,source_code_repo,read,5,user,0,none
2026-08-13 17:56:00,user_036,finance_db,read,8,user,0,none
2026-08-13 17:57:00,user_019,finance_db,read,5,user,0,none
2026-08-14 09:01:00,user_004,reports_db,read,5,user,0,none
2026-08-14 09:01:00,user_031,billing_system,read,3,user,0,none
2026-08-14 09:02:00,user_001,finance_db,read,4,user,0,none
2026-08-14 09:02:00,user_040,billing_system,read,8,user,0,none
2026-08-14 09:02:00,user_015,billing_system,read,3,user,0,none
2026-08-14 09:05:00,user_039,customer_data,read,3,user,0,none
2026-08-14 09:05:00,user_033,customer_data,read,7,user,0,none
2026-08-14 09:06:00,user_021,hr_portal,read,3,user,0,none
2026-08-14 09:07:00,user_028,email_server,read,8,user,0,none
2026-08-14 09:10:00,user_014,customer_data,read,3,user,0,none
2026-08-14 09:12:00,user_002,finance_db,read,6,user,0,none
2026-08-14 09:13:00,user_002,source_code_repo,read,5,user,0,none
2026-08-14 09:14:00,user_006,finance_db,read,8,user,0,none
2026-08-14 09:19:00,user_039,email_server,read,7,user,0,none
2026-08-14 09:19:00,user_011,reports_db,read,6,user,0,none
2026-08-14 09:20:00,user_040,billing_system,read,6,user,0,none
2026-08-14 09:21:00,user_002,hr_portal,read,6,user,0,none
2026-08-14 09:22:00,user_004,source_code_repo,read,4,user,0,none
2026-08-14 09:26:00,user_012,email_server,read,4,user,0,none
2026-08-14 09:26:00,user_028,admin_console,read,5,user,0,none
2026-08-14 09:27:00,user_008,reports_db,read,4,user,0,none
2026-08-14 09:29:00,user_028,hr_portal,read,4,user,0,none
2026-08-14 09:29:00,user_013,email_server,read,5,user,0,none
2026-08-14 09:31:00,user_009,billing_system,read,2,user,0,none
2026-08-14 09:31:00,user_006,billing_system,read,4,user,0,none
2026-08-14 09:34:00,user_032,source_code_repo,read,5,user,0,none
2026-08-14 09:34:00,user_020,hr_portal,read,8,user,0,none
2026-08-14 09:38:00,user_025,reports_db,read,8,user,0,none
2026-08-14 09:41:00,user_010,customer_data,read,1,user,0,none
2026-08-14 09:41:00,user_019,billing_system,read,4,user,0,none
2026-08-14 09:42:00,user_030,admin_console,read,3,user,0,none
2026-08-14 09:43:00,user_011,email_server,read,1,user,0,none
2026-08-14 09:44:00,user_009,email_server,read,6,user,0,none
2026-08-14 09:44:00,user_005,hr_portal,read,1,user,0,none
2026-08-14 09:45:00,user_012,billing_system,read,4,user,0,none
2026-08-14 09:48:00,user_021,reports_db,read,9,user,0,none
2026-08-14 09:51:00,user_008,source_code_repo,read,3,user,0,none
2026-08-14 09:57:00,user_012,billing_system,read,8,user,0,none
2026-08-14 10:04:00,user_026,finance_db,read,9,user,0,none
2026-08-14 10:07:00,user_009,email_server,read,9,user,0,none
2026-08-14 10:07:00,user_013,reports_db,read,5,user,0,none
2026-08-14 10:12:00,user_014,source_code_repo,read,9,user,0,none
2026-08-14 10:12:00,user_036,admin_console,read,5,user,0,none
2026-08-14 10:15:00,user_017,billing_system,read,7,user,0,none
2026-08-14 10:16:00,user_002,billing_system,read,2,user,0,none
2026-08-14 10:17:00,user_039,customer_data,read,4,user,0,none
2026-08-14 10:21:00,user_032,customer_data,read,1,user,0,none
2026-08-14 10:21:00,user_005,admin_console,read,6,user,0,none
2026-08-14 10:22:00,user_015,hr_portal,read,4,user,0,none
2026-08-14 10:22:00,user_038,finance_db,read,2,user,0,none
2026-08-14 10:27:00,user_040,admin_console,read,3,user,0,none
2026-08-14 10:28:00,user_035,admin_console,read,8,user,0,none
2026-08-14 10:29:00,user_038,billing_system,read,7,user,0,none
2026-08-14 10:31:00,user_028,finance_db,read,3,user,0,none
2026-08-14 10:34:00,user_022,source_code_repo,read,9,user,0,none
2026-08-14 10:34:00,user_014,reports_db,read,5,user,0,none
2026-08-14 10:39:00,user_020,customer_data,read,6,user,0,none
2026-08-14 10:44:00,user_022,finance_db,read,1,user,0,none
2026-08-14 10:47:00,user_002,customer_data,read,4,user,0,none
2026-08-14 10:50:00,user_027,finance_db,read,5,user,0,none
2026-08-14 10:50:00,user_040,reports_db,read,8,user,0,none
2026-08-14 10:52:00,user_005,source_code_repo,read,9,user,0,none
2026-08-14 10:52:00,user_005,customer_data,read,1,user,0,none
2026-08-14 10:53:00,user_039,source_code_repo,read,2,user,0,none
2026-08-14 10:54:00,user_031,billing_system,read,9,user,0,none
2026-08-14 11:00:00,user_003,customer_data,read,1,user,0,none
2026-08-14 11:03:00,user_006,source_code_repo,read,9,user,0,none
2026-08-14 11:03:00,user_020,billing_system,read,5,user,0,none
2026-08-14 11:04:00,user_005,customer_data,read,2,user,0,none
2026-08-14 11:05:00,user_010,source_code_repo,read,5,user,0,none
2026-08-14 11:12:00,user_006,customer_data,read,6,user,0,none
2026-08-14 11:12:00,user_004,customer_data,read,4,user,0,none
2026-08-14 11:16:00,user_017,admin_console,read,2,user,0,none
2026-08-14 11:16:00,user_036,hr_portal,read,7,user,0,none
2026-08-14 11:18:00,user_033,billing_system,read,4,user,0,none
2026-08-14 11:18:00,user_006,email_server,read,5,user,0,none
2026-08-14 11:18:00,user_034,admin_console,read,5,user,0,none
2026-08-14 11:19:00,user_013,email_server,read,4,user,0,none
2026-08-14 11:22:00,user_015,billing_system,read,1,user,0,none
2026-08-14 11:22:00,user_026,customer_data,read,5,user,0,none
2026-08-14 11:22:00,user_024,email_server,read,3,user,0,none
2026-08-14 11:23:00,user_010,billing_system,read,1,user,0,none
2026-08-14 11:24:00,user_031,customer_data,read,3,user,0,none
2026-08-14 11:25:00,user_012,reports_db,read,7,user,0,none
2026-08-14 11:26:00,user_027,billing_system,read,7,user,0,none
2026-08-14 11:27:00,user_010,email_server,read,6,user,0,none
2026-08-14 11:28:00,user_020,hr_portal,read,6,user,0,none
2026-08-14 11:29:00,user_018,admin_console,read,2,user,0,none
2026-08-14 11:32:00,user_038,reports_db,read,3,user,0,none
2026-08-14 11:32:00,user_011,billing_system,read,4,user,0,none
2026-08-14 11:36:00,user_031,email_server,read,2,user,0,none
2026-08-14 11:36:00,user_010,admin_console,read,5,user,0,none
2026-08-14 11:37:00,user_010,hr_portal,read,2,user,0,none
2026-08-14 11:38:00,user_020,reports_db,read,3,user,0,none
2026-08-14 11:38:00,user_022,finance_db,read,1,user,0,none
2026-08-14 11:39:00,user_032,customer_data,read,5,user,0,none
2026-08-14 11:39:00,user_021,source_code_repo,read,1,user,0,none
2026-08-14 11:42:00,user_007,source_code_repo,read,7,user,0,none
2026-08-14 11:43:00,user_009,source_code_repo,read,8,user,0,none
2026-08-14 11:43:00,user_030,admin_console,read,3,user,0,none
2026-08-14 11:46:00,user_033,reports_db,read,3,user,0,none
2026-08-14 11:48:00,user_004,customer_data,read,1,user,0,none
2026-08-14 11:49:00,user_003,hr_portal,read,7,user,0,none
2026-08-14 11:58:00,user_039,admin_console,read,4,user,0,none
2026-08-14 12:08:00,user_034,admin_console,read,2,user,0,none
2026-08-14 12:12:00,user_023,source_code_repo,read,7,user,0,none
2026-08-14 12:13:00,user_010,finance_db,read,1,user,0,none
2026-08-14 12:17:00,user_040,billing_system,read,2,user,0,none
2026-08-14 12:19:00,user_001,email_server,read,7,user,0,none
2026-08-14 12:20:00,user_019,customer_data,read,7,user,0,none
2026-08-14 12:22:00,user_032,hr_portal,read,7,user,0,none
2026-08-14 12:23:00,user_029,customer_data,read,6,user,0,none
2026-08-14 12:23:00,user_006,email_server,read,1,user,0,none
2026-08-14 12:24:00,user_016,finance_db,read,8,user,0,none
2026-08-14 12:32:00,user_007,reports_db,read,1,user,0,none
2026-08-14 12:32:00,user_037,email_server,read,3,user,0,none
2026-08-14 12:36:00,user_015,finance_db,read,5,user,0,none
2026-08-14 12:38:00,user_001,customer_data,read,8,user,0,none
2026-08-14 12:40:00,user_030,billing_system,read,1,user,0,none
2026-08-14 12:41:00,user_034,reports_db,read,3,user,0,none
2026-08-14 12:45:00,user_001,hr_portal,read,5,user,0,none
2026-08-14 12:48:00,user_017,email_server,read,4,user,0,none
2026-08-14 12:53:00,user_005,finance_db,read,2,user,0,none
2026-08-14 12:53:00,user_021,hr_portal,read,3,user,0,none
2026-08-14 12:54:00,user_032,hr_portal,read,7,user,0,none
2026-08-14 12:58:00,user_002,email_server,read,4,user,0,none
2026-08-14 13:01:00,user_008,billing_system,read,5,user,0,none
2026-08-14 13:02:00,user_029,hr_portal,read,5,user,0,none
2026-08-14 13:03:00,user_027,finance_db,read,2,user,0,none
2026-08-14 13:04:00,user_036,hr_portal,read,7,user,0,none
2026-08-14 13:04:00,user_036,reports_db,read,6,user,0,none
2026-08-14 13:04:00,user_021,source_code_repo,read,1,user,0,none
2026-08-14 13:05:00,user_008,hr_portal,read,8,user,0,none
2026-08-14 13:10:00,user_036,finance_db,read,6,user,0,none
2026-08-14 13:14:00,user_010,email_server,read,1,user,0,none
2026-08-14 13:15:00,user_038,admin_console,read,3,user,0,none
2026-08-14 13:16:00,user_035,billing_system,read,9,user,0,none
2026-08-14 13:18:00,user_011,billing_system,read,1,user,0,none
2026-08-14 13:19:00,user_033,source_code_repo,read,8,user,0,none
2026-08-14 13:20:00,user_011,customer_data,read,1,user,0,none
2026-08-14 13:20:00,user_014,customer_data,read,8,user,0,none
2026-08-14 13:23:00,user_018,reports_db,read,7,user,0,none
2026-08-14 13:23:00,user_040,billing_system,read,9,user,0,none
2026-08-14 13:24:00,user_012,customer_data,read,3,user,0,none
2026-08-14 13:31:00,user_009,source_code_repo,read,9,user,0,none
2026-08-14 13:34:00,user_026,reports_db,read,3,user,0,none
2026-08-14 13:35:00,user_019,customer_data,read,5,user,0,none
2026-08-14 13:35:00,user_014,finance_db,read,5,user,0,none
2026-08-14 13:36:00,user_033,finance_db,read,8,user,0,none
2026-08-14 13:39:00,user_004,reports_db,read,4,user,0,none
2026-08-14 13:39:00,user_003,customer_data,read,2,user,0,none
2026-08-14 13:40:00,user_018,hr_portal,read,2,user,0,none
2026-08-14 13:41:00,user_019,reports_db,read,5,user,0,none
2026-08-14 13:44:00,user_038,reports_db,read,2,user,0,none
2026-08-14 13:46:00,user_036,email_server,read,8,user,0,none
2026-08-14 13:48:00,user_008,hr_portal,read,9,user,0,none
2026-08-14 13:51:00,user_010,finance_db,read,7,user,0,none
2026-08-14 13:52:00,user_021,customer_data,read,5,user,0,none
2026-08-14 14:00:00,user_009,billing_system,read,6,user,0,none
2026-08-14 14:01:00,user_020,admin_console,read,9,user,0,none
2026-08-14 14:01:00,user_003,billing_system,read,1,user,0,none
2026-08-14 14:03:00,user_033,source_code_repo,read,1,user,0,none
2026-08-14 14:03:00,user_028,customer_data,read,5,user,0,none
2026-08-14 14:06:00,user_031,admin_console,read,7,user,0,none
2026-08-14 14:10:00,user_023,customer_data,read,1,user,0,none
2026-08-14 14:11:00,user_022,billing_system,read,7,user,0,none
2026-08-14 14:13:00,user_029,hr_portal,read,4,user,0,none
2026-08-14 14:14:00,user_007,source_code_repo,read,3,user,0,none
2026-08-14 14:17:00,user_040,source_code_repo,read,9,user,0,none
2026-08-14 14:19:00,user_040,finance_db,read,2,user,0,none
2026-08-14 14:20:00,user_005,source_code_repo,read,6,user,0,none
2026-08-14 14:20:00,user_020,admin_console,read,1,user,0,none
2026-08-14 14:24:00,user_018,admin_console,read,2,user,0,none
2026-08-14 14:25:00,user_035,reports_db,read,1,user,0,none
2026-08-14 14:27:00,user_031,billing_system,read,7,user,0,none
2026-08-14 14:28:00,user_016,source_code_repo,read,1,user,0,none
2026-08-14 14:28:00,user_015,finance_db,read,4,user,0,none
2026-08-14 14:33:00,user_027,finance_db,read,6,user,0,none
2026-08-14 14:36:00,user_029,finance_db,read,2,user,0,none
2026-08-14 14:40:00,user_024,customer_data,read,1,user,0,none
2026-08-14 14:40:00,user_013,source_code_repo,read,4,user,0,none
2026-08-14 14:41:00,user_027,reports_db,read,1,user,0,none
2026-08-14 14:43:00,user_023,hr_portal,read,5,user,0,none
2026-08-14 14:44:00,user_038,admin_console,read,7,user,0,none
2026-08-14 14:47:00,user_024,admin_console,read,5,user,0,none
2026-08-14 14:48:00,user_004,admin_console,read,4,user,0,none
2026-08-14 14:49:00,user_020,source_code_repo,read,8,user,0,none
2026-08-14 14:50:00,user_011,finance_db,read,8,user,0,none
2026-08-14 14:50:00,user_006,reports_db,read,3,user,0,none
2026-08-14 14:55:00,user_012,billing_system,read,4,user,0,none
2026-08-14 14:57:00,user_038,customer_data,read,3,user,0,none
2026-08-14 14:58:00,user_012,billing_system,read,1,user,0,none
2026-08-14 15:00:00,user_034,reports_db,read,5,user,0,none
2026-08-14 15:00:00,user_018,finance_db,read,1,user,0,none
2026-08-14 15:04:00,user_028,email_server,read,6,user,0,none
2026-08-14 15:05:00,user_022,hr_portal,read,3,user,0,none
2026-08-14 15:06:00,user_003,source_code_repo,read,2,user,0,none
2026-08-14 15:08:00,user_002,reports_db,read,3,user,0,none
2026-08-14 15:09:00,user_012,billing_system,read,3,user,0,none
2026-08-14 15:12:00,user_016,finance_db,read,1,user,0,none
2026-08-14 15:15:00,user_030,billing_system,read,5,user,0,none
2026-08-14 15:15:00,user_031,finance_db,read,8,user,0,none
2026-08-14 15:20:00,user_015,source_code_repo,read,9,user,0,none
2026-08-14 15:20:00,user_005,billing_system,read,3,user,0,none
2026-08-14 15:21:00,user_007,source_code_repo,read,5,user,0,none
2026-08-14 15:25:00,user_018,finance_db,read,2,user,0,none
2026-08-14 15:27:00,user_001,finance_db,read,1,user,0,none
2026-08-14 15:37:00,user_005,billing_system,read,8,user,0,none
2026-08-14 15:38:00,user_031,source_code_repo,read,6,user,0,none
2026-08-14 15:40:00,user_013,reports_db,read,8,user,0,none
2026-08-14 15:41:00,user_016,billing_system,read,6,user,0,none
2026-08-14 15:43:00,user_012,finance_db,read,9,user,0,none
2026-08-14 15:44:00,user_025,billing_system,read,1,user,0,none
2026-08-14 15:45:00,user_003,hr_portal,read,7,user,0,none
2026-08-14 15:47:00,user_006,hr_portal,read,7,user,0,none
2026-08-14 15:49:00,user_012,email_server,read,6,user,0,none
2026-08-14 15:51:00,user_025,billing_system,read,6,user,0,none
2026-08-14 15:54:00,user_011,hr_portal,read,9,user,0,none
2026-08-14 15:55:00,user_030,customer_data,read,8,user,0,none
2026-08-14 15:55:00,user_010,hr_portal,read,5,user,0,none
2026-08-14 16:06:00,user_007,reports_db,read,8,user,0,none
2026-08-14 16:11:00,user_015,admin_console,read,3,user,0,none
2026-08-14 16:14:00,user_001,source_code_repo,read,3,user,0,none
2026-08-14 16:16:00,user_038,reports_db,read,1,user,0,none
2026-08-14 16:17:00,user_014,finance_db,read,6,user,0,none
2026-08-14 16:19:00,user_032,admin_console,read,6,user,0,none
2026-08-14 16:19:00,user_027,billing_system,read,6,user,0,none
2026-08-14 16:20:00,user_014,billing_system,read,4,user,0,none
2026-08-14 16:20:00,user_001,hr_portal,read,9,user,0,none
2026-08-14 16:22:00,user_027,finance_db,read,7,user,0,none
2026-08-14 16:27:00,user_019,customer_data,read,1,user,0,none
2026-08-14 16:27:00,user_028,admin_console,read,1,user,0,none
2026-08-14 16:28:00,user_014,customer_data,read,6,user,0,none
2026-08-14 16:29:00,user_033,finance_db,read,4,user,0,none
2026-08-14 16:29:00,user_018,source_code_repo,read,3,user,0,none
2026-08-14 16:35:00,user_002,source_code_repo,read,5,user,0,none
2026-08-14 16:37:00,user_032,admin_console,read,9,user,0,none
2026-08-14 16:38:00,user_008,customer_data,read,5,user,0,none
2026-08-14 16:39:00,user_017,reports_db,read,9,user,0,none
2026-08-14 16:40:00,user_028,email_server,read,5,user,0,none
2026-08-14 16:41:00,user_033,billing_system,read,9,user,0,none
2026-08-14 16:42:00,user_006,email_server,read,2,user,0,none
2026-08-14 16:44:00,user_001,customer_data,read,8,user,0,none
2026-08-14 16:45:00,user_028,billing_system,read,6,user,0,none
2026-08-14 16:45:00,user_015,admin_console,read,7,user,0,none
2026-08-14 16:47:00,user_037,admin_console,read,7,user,0,none
2026-08-14 16:48:00,user_037,customer_data,read,6,user,0,none
2026-08-14 16:49:00,user_011,billing_system,read,4,user,0,none
2026-08-14 16:50:00,user_040,email_server,read,4,user,0,none
2026-08-14 16:52:00,user_033,customer_data,read,8,user,0,none
2026-08-14 17:00:00,user_038,finance_db,read,1,user,0,none
2026-08-14 17:01:00,user_034,hr_portal,read,1,user,0,none
2026-08-14 17:02:00,user_006,reports_db,read,6,user,0,none
2026-08-14 17:03:00,user_020,admin_console,read,6,user,0,none
2026-08-14 17:03:00,user_018,hr_portal,read,3,user,0,none
2026-08-14 17:04:00,user_037,source_code_repo,read,5,user,0,none
2026-08-14 17:07:00,user_011,billing_system,read,8,user,0,none
2026-08-14 17:08:00,user_008,admin_console,read,1,user,0,none
2026-08-14 17:08:00,user_016,finance_db,read,5,user,0,none
2026-08-14 17:10:00,user_005,reports_db,read,5,user,0,none
2026-08-14 17:14:00,user_004,admin_console,read,2,user,0,none
2026-08-14 17:15:00,user_036,hr_portal,read,8,user,0,none
2026-08-14 17:15:00,user_040,finance_db,read,9,user,0,none
2026-08-14 17:15:00,user_016,finance_db,read,1,user,0,none
2026-08-14 17:17:00,user_009,email_server,read,7,user,0,none
2026-08-14 17:19:00,user_037,reports_db,read,2,user,0,none
2026-08-14 17:20:00,user_017,source_code_repo,read,6,user,0,none
2026-08-14 17:20:00,user_009,reports_db,read,3,user,0,none
2026-08-14 17:22:00,user_016,email_server,read,3,user,0,none
2026-08-14 17:23:00,user_027,customer_data,read,7,user,0,none
2026-08-14 17:26:00,user_016,reports_db,read,3,user,0,none
2026-08-14 17:27:00,user_039,email_server,read,3,user,0,none
2026-08-14 17:27:00,user_015,billing_system,read,3,user,0,none
2026-08-14 17:32:00,user_014,reports_db,read,6,user,0,none
2026-08-14 17:33:00,user_015,hr_portal,read,9,user,0,none
2026-08-14 17:34:00,user_022,billing_system,read,9,user,0,none
2026-08-14 17:35:00,user_022,finance_db,read,4,user,0,none
2026-08-14 17:36:00,user_012,admin_console,read,9,user,0,none
2026-08-14 17:36:00,user_025,hr_portal,read,3,user,0,none
2026-08-14 17:37:00,user_014,finance_db,read,3,user,0,none
2026-08-14 17:42:00,user_021,source_code_repo,read,5,user,0,none
2026-08-14 17:42:00,user_017,customer_data,read,1,user,0,none
2026-08-14 17:48:00,user_020,email_server,read,9,user,0,none
2026-08-14 17:54:00,user_038,hr_portal,read,3,user,0,none
2026-08-14 17:57:00,user_026,reports_db,read,6,user,0,none
